code,name,section
A000020,동화약품,KOSPI
A000040,KR모터스,KOSPI
A000050,경방,KOSPI
A000060,메리츠화재,KOSPI
A000070,삼양홀딩스,KOSPI
A000075,삼양홀딩스우,KOSPI
A000080,하이트진로,KOSPI
A000087,하이트진로2우B,KOSPI
A000100,유한양행,KOSPI
A000105,유한양행우,KOSPI
A000120,CJ대한통운,KOSPI
A000140,하이트진로홀딩스,KOSPI
A000145,하이트진로홀딩스우,KOSPI
A000150,두산,KOSPI
A000155,두산우,KOSPI
A000157,두산2우B,KOSPI
A000180,성창기업지주,KOSPI
A000210,DL,KOSPI
A000215,DL우,KOSPI
A000220,유유제약,KOSPI
A000225,유유제약1우,KOSPI
A000227,유유제약2우B,KOSPI
A000230,일동홀딩스,KOSPI
A000240,한국앤컴퍼니,KOSPI
A000270,기아,KOSPI
A000300,대유플러스,KOSPI
A000320,노루홀딩스,KOSPI
A000325,노루홀딩스우,KOSPI
A000370,한화손해보험,KOSPI
A000390,삼화페인트,KOSPI
A000400,롯데손해보험,KOSPI
A000430,대원강업,KOSPI
A000480,조선내화,KOSPI
A000490,대동,KOSPI
A000500,가온전선,KOSPI
A000520,삼일제약,KOSPI
A000540,흥국화재,KOSPI
A000545,흥국화재우,KOSPI
A000547,흥국화재2우B,KOSPI
A000590,CS홀딩스,KOSPI
A000640,동아쏘시오홀딩스,KOSPI
A000650,천일고속,KOSPI
A000660,SK하이닉스,KOSPI
A000670,영풍,KOSPI
A000680,LS네트웍스,KOSPI
A000700,유수홀딩스,KOSPI
A000720,현대건설,KOSPI
A000725,현대건설우,KOSPI
A000760,이화산업,KOSPI
A000810,삼성화재,KOSPI
A000815,삼성화재우,KOSPI
A000850,화천기공,KOSPI
A000860,강남제비스코,KOSPI
A000880,한화,KOSPI
A000885,한화우,KOSPI
A00088K,한화3우B,KOSPI
A000890,보해양조,KOSPI
A000910,유니온,KOSPI
A000950,전방,KOSPI
A000970,한국주철관,KOSPI
A000990,DB하이텍,KOSPI
A000995,DB하이텍1우,KOSPI
A001020,페이퍼코리아,KOSPI
A001040,CJ,KOSPI
A001045,CJ우,KOSPI
A00104K,CJ4우(전환),KOSPI
A001060,JW중외제약,KOSPI
A001065,JW중외제약우,KOSPI
A001067,JW중외제약2우B,KOSPI
A001070,대한방직,KOSPI
A001080,만호제강,KOSPI
A001120,LX인터내셔널,KOSPI
A001130,대한제분,KOSPI
A001140,국보,KOSPI
A001200,유진투자증권,KOSPI
A001210,금호전기,KOSPI
A001230,동국제강,KOSPI
A001250,GS글로벌,KOSPI
A001260,남광토건,KOSPI
A001270,부국증권,KOSPI
A001275,부국증권우,KOSPI
A001290,상상인증권,KOSPI
A001340,백광산업,KOSPI
A001360,삼성제약,KOSPI
A001380,SG글로벌,KOSPI
A001390,KG케미칼,KOSPI
A001420,태원물산,KOSPI
A001430,세아베스틸,KOSPI
A001440,대한전선,KOSPI
A001450,현대해상,KOSPI
A001460,BYC,KOSPI
A001465,BYC우,KOSPI
A001470,삼부토건,KOSPI
A001500,현대차증권,KOSPI
A001510,SK증권,KOSPI
A001515,SK증권우,KOSPI
A001520,동양,KOSPI
A001525,동양우,KOSPI
A001527,동양2우B,KOSPI
A001529,동양3우B,KOSPI
A001530,DI동일,KOSPI
A001550,조비,KOSPI
A001560,제일연마,KOSPI
A001570,금양,KOSPI
A001620,케이비아이동국실업,KOSPI
A001630,종근당홀딩스,KOSPI
A001680,대상,KOSPI
A001685,대상우,KOSPI
A001720,신영증권,KOSPI
A001725,신영증권우,KOSPI
A001740,SK네트웍스,KOSPI
A001745,SK네트웍스우,KOSPI
A001750,한양증권,KOSPI
A001755,한양증권우,KOSPI
A001770,SHD,KOSPI
A001780,알루코,KOSPI
A001790,대한제당,KOSPI
A001795,대한제당우,KOSPI
A001800,오리온홀딩스,KOSPI
A001820,삼화콘덴서,KOSPI
A001880,DL건설,KOSPI
A001940,KISCO홀딩스,KOSPI
A002020,코오롱,KOSPI
A002025,코오롱우,KOSPI
A002030,아세아,KOSPI
A002070,비비안,KOSPI
A002100,경농,KOSPI
A002140,고려산업,KOSPI
A002150,도화엔지니어링,KOSPI
A002170,삼양통상,KOSPI
A002200,한국수출포장,KOSPI
A002210,동성제약,KOSPI
A002220,한일철강,KOSPI
A002240,고려제강,KOSPI
A002270,롯데푸드,KOSPI
A002310,아세아제지,KOSPI
A002320,한진,KOSPI
A002350,넥센타이어,KOSPI
A002355,넥센타이어1우B,KOSPI
A002360,SH에너지화학,KOSPI
A002380,KCC,KOSPI
A002390,한독,KOSPI
A002410,범양건영,KOSPI
A002420,세기상사,KOSPI
A002450,삼익악기,KOSPI
A002460,화성산업,KOSPI
A002600,조흥,KOSPI
A002620,제일파마홀딩스,KOSPI
A002630,오리엔트바이오,KOSPI
A002690,동일제강,KOSPI
A002700,신일전자,KOSPI
A002710,TCC스틸,KOSPI
A002720,국제약품,KOSPI
A002760,보락,KOSPI
A002780,진흥기업,KOSPI
A002785,진흥기업우B,KOSPI
A002787,진흥기업2우B,KOSPI
A002790,아모레G,KOSPI
A002795,아모레G우,KOSPI
A00279K,아모레G3우(전환),KOSPI
A002810,삼영무역,KOSPI
A002820,SUN&L,KOSPI
A002840,미원상사,KOSPI
A002870,신풍제지,KOSPI
A002880,대유에이텍,KOSPI
A002900,TYM,KOSPI
A002920,유성기업,KOSPI
A002960,한국쉘석유,KOSPI
A002990,금호건설,KOSPI
A002995,금호건설우,KOSPI
A003000,부광약품,KOSPI
A003010,혜인,KOSPI
A003030,세아제강지주,KOSPI
A003060,에이프로젠제약,KOSPI
A003070,코오롱글로벌,KOSPI
A003075,코오롱글로벌우,KOSPI
A003080,성보화학,KOSPI
A003090,대웅,KOSPI
A003120,일성신약,KOSPI
A003160,디아이,KOSPI
A003200,일신방직,KOSPI
A003220,대원제약,KOSPI
A003230,삼양식품,KOSPI
A003240,태광산업,KOSPI
A003280,흥아해운,KOSPI
A003300,한일홀딩스,KOSPI
A003350,한국화장품제조,KOSPI
A003410,쌍용C&E,KOSPI
A003460,유화증권,KOSPI
A003465,유화증권우,KOSPI
A003470,유안타증권,KOSPI
A003475,유안타증권우,KOSPI
A003480,한진중공업홀딩스,KOSPI
A003490,대한항공,KOSPI
A003495,대한항공우,KOSPI
A003520,영진약품,KOSPI
A003530,한화투자증권,KOSPI
A003535,한화투자증권우,KOSPI
A003540,대신증권,KOSPI
A003545,대신증권우,KOSPI
A003547,대신증권2우B,KOSPI
A003550,LG,KOSPI
A003555,LG우,KOSPI
A003560,IHQ,KOSPI
A003570,SNT중공업,KOSPI
A003580,넥스트사이언스,KOSPI
A003610,방림,KOSPI
A003620,쌍용차,KOSPI
A003650,미창석유,KOSPI
A003670,포스코케미칼,KOSPI
A003680,한성기업,KOSPI
A003690,코리안리,KOSPI
A003720,삼영화학,KOSPI
A003780,진양산업,KOSPI
A003830,대한화섬,KOSPI
A003850,보령제약,KOSPI
A003920,남양유업,KOSPI
A003925,남양유업우,KOSPI
A003960,사조대림,KOSPI
A004000,롯데정밀화학,KOSPI
A004020,현대제철,KOSPI
A004060,SG세계물산,KOSPI
A004080,신흥,KOSPI
A004090,한국석유,KOSPI
A004100,태양금속,KOSPI
A004105,태양금속우,KOSPI
A004140,동방,KOSPI
A004150,한솔홀딩스,KOSPI
A004170,신세계,KOSPI
A004250,NPC,KOSPI
A004255,NPC우,KOSPI
A004270,남성,KOSPI
A004310,현대약품,KOSPI
A004360,세방,KOSPI
A004365,세방우,KOSPI
A004370,농심,KOSPI
A004380,삼익THK,KOSPI
A004410,서울식품,KOSPI
A004415,서울식품우,KOSPI
A004430,송원산업,KOSPI
A004440,삼일씨엔에스,KOSPI
A004450,삼화왕관,KOSPI
A004490,세방전지,KOSPI
A004540,깨끗한나라,KOSPI
A004545,깨끗한나라우,KOSPI
A004560,현대비앤지스틸,KOSPI
A004565,현대비앤지스틸우,KOSPI
A004690,삼천리,KOSPI
A004700,조광피혁,KOSPI
A004710,한솔테크닉스,KOSPI
A004720,팜젠사이언스,KOSPI
A004770,써니전자,KOSPI
A004800,효성,KOSPI
A004830,덕성,KOSPI
A004835,덕성우,KOSPI
A004840,DRB동일,KOSPI
A004870,티웨이홀딩스,KOSPI
A004890,동일산업,KOSPI
A004910,조광페인트,KOSPI
A004920,씨아이테크,KOSPI
A004960,한신공영,KOSPI
A004970,신라교역,KOSPI
A004980,성신양회,KOSPI
A004985,성신양회우,KOSPI
A004990,롯데지주,KOSPI
A00499K,롯데지주우,KOSPI
A005010,휴스틸,KOSPI
A005030,부산주공,KOSPI
A005070,코스모신소재,KOSPI
A005090,SGC에너지,KOSPI
A005110,한창,KOSPI
A005180,빙그레,KOSPI
A005250,녹십자홀딩스,KOSPI
A005257,녹십자홀딩스2우,KOSPI
A005300,롯데칠성,KOSPI
A005305,롯데칠성우,KOSPI
A005320,국동,KOSPI
A005360,모나미,KOSPI
A005380,현대차,KOSPI
A005385,현대차우,KOSPI
A005387,현대차2우B,KOSPI
A005389,현대차3우B,KOSPI
A005390,신성통상,KOSPI
A005420,코스모화학,KOSPI
A005430,한국공항,KOSPI
A005440,현대그린푸드,KOSPI
A005490,POSCO,KOSPI
A005500,삼진제약,KOSPI
A005610,SPC삼립,KOSPI
A005680,삼영전자,KOSPI
A005690,파미셀,KOSPI
A005720,넥센,KOSPI
A005725,넥센우,KOSPI
A005740,크라운해태홀딩스,KOSPI
A005745,크라운해태홀딩스우,KOSPI
A005750,대림B&Co,KOSPI
A005800,신영와코루,KOSPI
A005810,풍산홀딩스,KOSPI
A005820,원림,KOSPI
A005830,DB손해보험,KOSPI
A005850,에스엘,KOSPI
A005870,휴니드,KOSPI
A005880,대한해운,KOSPI
A005930,삼성전자,KOSPI
A005935,삼성전자우,KOSPI
A005940,NH투자증권,KOSPI
A005945,NH투자증권우,KOSPI
A005950,이수화학,KOSPI
A005960,동부건설,KOSPI
A005965,동부건설우,KOSPI
A006040,동원산업,KOSPI
A006060,화승인더,KOSPI
A006090,사조오양,KOSPI
A006110,삼아알미늄,KOSPI
A006120,SK디스커버리,KOSPI
A006125,SK디스커버리우,KOSPI
A006200,한국전자홀딩스,KOSPI
A006220,제주은행,KOSPI
A006260,LS,KOSPI
A006280,녹십자,KOSPI
A006340,대원전선,KOSPI
A006345,대원전선우,KOSPI
A006360,GS건설,KOSPI
A006370,대구백화점,KOSPI
A006380,카프로,KOSPI
A006390,한일현대시멘트,KOSPI
A006400,삼성SDI,KOSPI
A006405,삼성SDI우,KOSPI
A006490,인스코비,KOSPI
A006570,대림통상,KOSPI
A006650,대한유화,KOSPI
A006660,삼성공조,KOSPI
A006740,영풍제지,KOSPI
A006800,미래에셋증권,KOSPI
A006805,미래에셋증권우,KOSPI
A00680K,미래에셋증권2우B,KOSPI
A006840,AK홀딩스,KOSPI
A006880,신송홀딩스,KOSPI
A006890,태경케미컬,KOSPI
A006980,우성사료,KOSPI
A007070,GS리테일,KOSPI
A007110,일신석재,KOSPI
A007120,미래아이앤지,KOSPI
A007160,사조산업,KOSPI
A007210,벽산,KOSPI
A007280,한국특강,KOSPI
A007310,오뚜기,KOSPI
A007340,디티알오토모티브,KOSPI
A007460,에이프로젠 MED,KOSPI
A007540,샘표,KOSPI
A007570,일양약품,KOSPI
A007575,일양약품우,KOSPI
A007590,동방아그로,KOSPI
A007610,선도전기,KOSPI
A007630,폴루스바이오팜,KOSPI
A007660,이수페타시스,KOSPI
A007690,국도화학,KOSPI
A007700,F&F홀딩스,KOSPI
A007810,코리아써키트,KOSPI
A007815,코리아써우,KOSPI
A00781K,코리아써키트2우B,KOSPI
A007860,서연,KOSPI
A007980,태평양물산,KOSPI
A008040,사조동아원,KOSPI
A008060,대덕,KOSPI
A00806K,대덕1우,KOSPI
A008110,대동전자,KOSPI
A008250,이건산업,KOSPI
A008260,NI스틸,KOSPI
A008350,남선알미늄,KOSPI
A008355,남선알미우,KOSPI
A008420,문배철강,KOSPI
A008490,서흥,KOSPI
A008500,일정실업,KOSPI
A008560,메리츠증권,KOSPI
A008600,윌비스,KOSPI
A008700,아남전자,KOSPI
A008730,율촌화학,KOSPI
A008770,호텔신라,KOSPI
A008775,호텔신라우,KOSPI
A008870,금비,KOSPI
A008930,한미사이언스,KOSPI
A008970,동양철관,KOSPI
A009070,KCTC,KOSPI
A009140,경인전자,KOSPI
A009150,삼성전기,KOSPI
A009155,삼성전기우,KOSPI
A009160,SIMPAC,KOSPI
A009180,한솔로지스틱스,KOSPI
A009190,대양금속,KOSPI
A009200,무림페이퍼,KOSPI
A009240,한샘,KOSPI
A009270,신원,KOSPI
A009275,신원우,KOSPI
A009290,광동제약,KOSPI
A009310,참엔지니어링,KOSPI
A009320,대우부품,KOSPI
A009410,태영건설,KOSPI
A009415,태영건설우,KOSPI
A009420,한올바이오파마,KOSPI
A009440,KC그린홀딩스,KOSPI
A009450,경동나비엔,KOSPI
A009460,한창제지,KOSPI
A009470,삼화전기,KOSPI
A009540,한국조선해양,KOSPI
A009580,무림P&P,KOSPI
A009680,모토닉,KOSPI
A009770,삼정펄프,KOSPI
A009810,엔케이물산,KOSPI
A009830,한화솔루션,KOSPI
A009835,한화솔루션우,KOSPI
A009900,명신산업,KOSPI
A009970,영원무역홀딩스,KOSPI
A010040,한국내화,KOSPI
A010050,우리종금,KOSPI
A010060,OCI,KOSPI
A010100,한국프랜지,KOSPI
A010120,LS ELECTRIC,KOSPI
A010130,고려아연,KOSPI
A010140,삼성중공업,KOSPI
A010145,삼성중공우,KOSPI
A010400,우진아이엔에스,KOSPI
A010420,한솔PNS,KOSPI
A010580,지코,KOSPI
A010600,웰바이오텍,KOSPI
A010620,현대미포조선,KOSPI
A010640,진양폴리,KOSPI
A010660,화천기계,KOSPI
A010690,화신,KOSPI
A010770,평화홀딩스,KOSPI
A010780,아이에스동서,KOSPI
A010820,퍼스텍,KOSPI
A010950,S-Oil,KOSPI
A010955,S-Oil우,KOSPI
A010960,삼호개발,KOSPI
A011000,진원생명과학,KOSPI
A011070,LG이노텍,KOSPI
A011090,에넥스,KOSPI
A011150,CJ씨푸드,KOSPI
A011155,CJ씨푸드1우,KOSPI
A011170,롯데케미칼,KOSPI
A011200,HMM,KOSPI
A011210,현대위아,KOSPI
A011230,삼화전자,KOSPI
A011280,태림포장,KOSPI
A011300,성안,KOSPI
A011330,유니켐,KOSPI
A011390,부산산업,KOSPI
A011420,갤럭시아에스엠,KOSPI
A011500,한농화성,KOSPI
A011690,와이투솔루션,KOSPI
A011700,한신기계,KOSPI
A011760,현대코퍼레이션,KOSPI
A011780,금호석유,KOSPI
A011785,금호석유우,KOSPI
A011790,SKC,KOSPI
A011810,STX,KOSPI
A011930,신성이엔지,KOSPI
A012030,DB,KOSPI
A012160,영흥,KOSPI
A012170,아센디오,KOSPI
A012200,계양전기,KOSPI
A012205,계양전기우,KOSPI
A012280,영화금속,KOSPI
A012320,경동인베스트,KOSPI
A012330,현대모비스,KOSPI
A012450,한화에어로스페이스,KOSPI
A012510,더존비즈온,KOSPI
A012600,센트럴인사이트,KOSPI
A012610,경인양행,KOSPI
A012630,HDC,KOSPI
A012690,모나리자,KOSPI
A012750,에스원,KOSPI
A012800,대창,KOSPI
A013000,세우글로벌,KOSPI
A013360,일성건설,KOSPI
A013520,화승코퍼레이션,KOSPI
A013570,디와이,KOSPI
A013580,계룡건설,KOSPI
A013700,까뮤이앤씨,KOSPI
A013870,지엠비코리아,KOSPI
A013890,지누스,KOSPI
A014130,한익스프레스,KOSPI
A014160,대영포장,KOSPI
A014280,금강공업,KOSPI
A014285,금강공업우,KOSPI
A014440,영보화학,KOSPI
A014530,극동유화,KOSPI
A014580,태경비케이,KOSPI
A014680,한솔케미칼,KOSPI
A014710,사조씨푸드,KOSPI
A014790,한라,KOSPI
A014820,동원시스템즈,KOSPI
A014825,동원시스템즈우,KOSPI
A014830,유니드,KOSPI
A014910,성문전자,KOSPI
A014915,성문전자우,KOSPI
A014990,인디에프,KOSPI
A015020,이스타코,KOSPI
A015230,대창단조,KOSPI
A015260,에이엔피,KOSPI
A015350,부산가스,KOSPI
A015360,예스코홀딩스,KOSPI
A015540,쎌마테라퓨틱스,KOSPI
A015590,큐로,KOSPI
A015760,한국전력,KOSPI
A015860,일진홀딩스,KOSPI
A015890,태경산업,KOSPI
A016090,대현,KOSPI
A016360,삼성증권,KOSPI
A016380,KG동부제철,KOSPI
A016385,KG동부제철우,KOSPI
A016450,한세예스24홀딩스,KOSPI
A016580,환인제약,KOSPI
A016590,신대양제지,KOSPI
A016610,DB금융투자,KOSPI
A016710,대성홀딩스,KOSPI
A016740,두올,KOSPI
A016800,퍼시스,KOSPI
A016880,웅진,KOSPI
A017040,광명전기,KOSPI
A017180,명문제약,KOSPI
A017370,우신시스템,KOSPI
A017390,서울가스,KOSPI
A017550,수산중공업,KOSPI
A017670,SK텔레콤,KOSPI
A017800,현대엘리베이,KOSPI
A017810,풀무원,KOSPI
A017900,광전자,KOSPI
A017940,E1,KOSPI
A017960,한국카본,KOSPI
A018250,애경산업,KOSPI
A018260,삼성에스디에스,KOSPI
A018470,조일알미늄,KOSPI
A018500,동원금속,KOSPI
A018670,SK가스,KOSPI
A018880,한온시스템,KOSPI
A019170,신풍제약,KOSPI
A019175,신풍제약우,KOSPI
A019180,티에이치엔,KOSPI
A019440,세아특수강,KOSPI
A019490,하이트론,KOSPI
A019680,대교,KOSPI
A019685,대교우B,KOSPI
A020000,한섬,KOSPI
A020120,키다리스튜디오,KOSPI
A020150,일진머티리얼즈,KOSPI
A020560,아시아나항공,KOSPI
A020760,일진디스플,KOSPI
A021050,서원,KOSPI
A021240,코웨이,KOSPI
A021820,세원정공,KOSPI
A023000,삼원강재,KOSPI
A023150,MH에탄올,KOSPI
A023350,한국종합기술,KOSPI
A023450,동남합성,KOSPI
A023530,롯데쇼핑,KOSPI
A023590,다우기술,KOSPI
A023800,인지컨트롤스,KOSPI
A023810,인팩,KOSPI
A023960,에쓰씨엔지니어링,KOSPI
A024070,WISCOM,KOSPI
A024090,디씨엠,KOSPI
A024110,기업은행,KOSPI
A024720,한국콜마홀딩스,KOSPI
A024890,대원화성,KOSPI
A024900,덕양산업,KOSPI
A025000,KPX케미칼,KOSPI
A025530,SJM홀딩스,KOSPI
A025540,한국단자,KOSPI
A025560,미래산업,KOSPI
A025620,제이준코스메틱,KOSPI
A025750,한솔홈데코,KOSPI
A025820,이구산업,KOSPI
A025860,남해화학,KOSPI
A025890,한국주강,KOSPI
A026890,디피씨,KOSPI
A026940,부국철강,KOSPI
A026960,동서,KOSPI
A027410,BGF,KOSPI
A027740,마니커,KOSPI
A027970,세하,KOSPI
A028050,삼성엔지니어링,KOSPI
A028100,동아지질,KOSPI
A028260,삼성물산,KOSPI
A02826K,삼성물산우B,KOSPI
A028670,팬오션,KOSPI
A029460,케이씨,KOSPI
A029530,신도리코,KOSPI
A029780,삼성카드,KOSPI
A030000,제일기획,KOSPI
A030200,KT,KOSPI
A030210,KTB투자증권,KOSPI
A030610,교보증권,KOSPI
A030720,동원수산,KOSPI
A030790,비케이탑스,KOSPI
A031430,신세계인터내셔날,KOSPI
A031440,신세계푸드,KOSPI
A031820,콤텍시스템,KOSPI
A032350,롯데관광개발,KOSPI
A032560,황금에스티,KOSPI
A032640,LG유플러스,KOSPI
A032830,삼성생명,KOSPI
A033180,KH 필룩스,KOSPI
A033240,자화전자,KOSPI
A033250,체시스,KOSPI
A033270,유나이티드제약,KOSPI
A033530,세종공업,KOSPI
A033780,KT&G,KOSPI
A033920,무학,KOSPI
A034020,두산중공업,KOSPI
A034120,SBS,KOSPI
A034220,LG디스플레이,KOSPI
A034300,신세계건설,KOSPI
A034310,NICE,KOSPI
A034590,인천도시가스,KOSPI
A034730,SK,KOSPI
A03473K,SK우,KOSPI
A034830,한국토지신탁,KOSPI
A035000,지투알,KOSPI
A035150,백산,KOSPI
A035250,강원랜드,KOSPI
A035420,NAVER,KOSPI
A035510,신세계 I&C,KOSPI
A035720,카카오,KOSPI
A036420,제이콘텐트리,KOSPI
A036460,한국가스공사,KOSPI
A036530,SNT홀딩스,KOSPI
A036570,엔씨소프트,KOSPI
A036580,팜스코,KOSPI
A037270,YG PLUS,KOSPI
A037560,LG헬로비전,KOSPI
A037710,광주신세계,KOSPI
A039130,하나투어,KOSPI
A039490,키움증권,KOSPI
A039570,HDC아이콘트롤스,KOSPI
A041650,상신브레이크,KOSPI
A042660,대우조선해양,KOSPI
A042670,두산인프라코어,KOSPI
A042700,한미반도체,KOSPI
A044380,주연테크,KOSPI
A044450,KSS해운,KOSPI
A044820,코스맥스비티아이,KOSPI
A047040,대우건설,KOSPI
A047050,포스코인터내셔널,KOSPI
A047400,유니온머티리얼,KOSPI
A047810,한국항공우주,KOSPI
A049770,동원F&B,KOSPI
A049800,우진플라임,KOSPI
A051600,한전KPS,KOSPI
A051630,진양화학,KOSPI
A051900,LG생활건강,KOSPI
A051905,LG생활건강우,KOSPI
A051910,LG화학,KOSPI
A051915,LG화학우,KOSPI
A052690,한전기술,KOSPI
A053210,스카이라이프,KOSPI
A053690,한미글로벌,KOSPI
A055490,테이팩스,KOSPI
A055550,신한지주,KOSPI
A057050,현대홈쇼핑,KOSPI
A058430,포스코강판,KOSPI
A058650,세아홀딩스,KOSPI
A058730,다스코,KOSPI
A058850,KTcs,KOSPI
A058860,KTis,KOSPI
A060980,한라홀딩스,KOSPI
A063160,종근당바이오,KOSPI
A064350,현대로템,KOSPI
A064960,SNT모티브,KOSPI
A066570,LG전자,KOSPI
A066575,LG전자우,KOSPI
A067830,세이브존I&C,KOSPI
A068270,셀트리온,KOSPI
A068290,삼성출판사,KOSPI
A068400,SK렌터카,KOSPI
A069260,휴켐스,KOSPI
A069460,대호에이엘,KOSPI
A069500,KODEX 200,ETF
A069620,대웅제약,KOSPI
A069640,한세엠케이,KOSPI
A069660,KOSEF 200,ETF
A069730,DSR제강,KOSPI
A069960,현대백화점,KOSPI
A070960,용평리조트,KOSPI
A071050,한국금융지주,KOSPI
A071055,한국금융지주우,KOSPI
A071090,하이스틸,KOSPI
A071320,지역난방공사,KOSPI
A071840,롯데하이마트,KOSPI
A071950,코아스,KOSPI
A071970,STX중공업,KOSPI
A072130,유엔젤,KOSPI
A072710,농심홀딩스,KOSPI
A073240,금호타이어,KOSPI
A074610,이엔플러스,KOSPI
A075180,새론오토모티브,KOSPI
A075580,세진중공업,KOSPI
A077500,유니퀘스트,KOSPI
A077970,STX엔진,KOSPI
A078000,텔코웨어,KOSPI
A078520,에이블씨엔씨,KOSPI
A078930,GS,KOSPI
A078935,GS우,KOSPI
A079160,CJ CGV,KOSPI
A079430,현대리바트,KOSPI
A079550,LIG넥스원,KOSPI
A079980,휴비스,KOSPI
A081000,일진다이아,KOSPI
A081660,휠라홀딩스,KOSPI
A082640,동양생명,KOSPI
A082740,HSD엔진,KOSPI
A083420,그린케미칼,KOSPI
A084010,대한제강,KOSPI
A084670,동양고속,KOSPI
A084680,이월드,KOSPI
A084690,대상홀딩스,KOSPI
A084695,대상홀딩스우,KOSPI
A084870,TBH글로벌,KOSPI
A085310,엔케이,KOSPI
A085620,미래에셋생명,KOSPI
A086280,현대글로비스,KOSPI
A086790,하나금융지주,KOSPI
A088260,이리츠코크렙,KOSPI
A088350,한화생명,KOSPI
A088790,진도,KOSPI
A088980,맥쿼리인프라,KOSPI
A089470,HDC현대EP,KOSPI
A089590,제주항공,KOSPI
A089860,롯데렌탈,KOSPI
A090080,평화산업,KOSPI
A090350,노루페인트,KOSPI
A090355,노루페인트우,KOSPI
A090370,메타랩스,KOSPI
A090430,아모레퍼시픽,KOSPI
A090435,아모레퍼시픽우,KOSPI
A091090,세원이앤씨,KOSPI
A091160,KODEX 반도체,ETF
A091170,KODEX 은행,ETF
A091180,KODEX 자동차,ETF
A091220,TIGER 은행,ETF
A091230,TIGER 반도체,ETF
A091810,티웨이항공,KOSPI
A092200,디아이씨,KOSPI
A092220,KEC,KOSPI
A092230,KPX홀딩스,KOSPI
A092440,기신정기,KOSPI
A092780,동양피스톤,KOSPI
A093050,LF,KOSPI
A093230,이아이디,KOSPI
A093240,형지엘리트,KOSPI
A093370,후성,KOSPI
A094280,효성ITX,KOSPI
A094800,맵스리얼티1,KOSPI
A095570,AJ네트웍스,KOSPI
A095720,웅진씽크빅,KOSPI
A096300,베트남개발1,KOSPI
A096760,JW홀딩스,KOSPI
A096770,SK이노베이션,KOSPI
A096775,SK이노베이션우,KOSPI
A097230,한진중공업,KOSPI
A097520,엠씨넥스,KOSPI
A097950,CJ제일제당,KOSPI
A097955,CJ제일제당 우,KOSPI
A098560,TIGER 방송통신,ETF
A099140,KODEX 차이나H,ETF
A100220,비상교육,KOSPI
A100250,진양홀딩스,KOSPI
A100840,SNT에너지,KOSPI
A100910,KOSEF KRX100,ETF
A101060,SBS미디어홀딩스,KOSPI
A101140,인바이오젠,KOSPI
A101280,KODEX 일본TOPIX100,ETF
A101530,해태제과식품,KOSPI
A102110,TIGER 200,ETF
A102260,동성케미컬,KOSPI
A102280,쌍방울,KOSPI
A102460,이연제약,KOSPI
A102780,KODEX 삼성그룹,ETF
A102960,KODEX 기계장비,ETF
A102970,KODEX 증권,ETF
A103140,풍산,KOSPI
A103590,일진전기,KOSPI
A104520,KOSEF 블루칩,ETF
A104530,KOSEF 고배당,ETF
A104700,한국철강,KOSPI
A105010,TIGER 라틴35,ETF
A105190,KINDEX 200,ETF
A105560,KB금융,KOSPI
A105630,한세실업,KOSPI
A105780,KBSTAR 5대그룹주,ETF
A105840,우진,KOSPI
A107590,미원홀딩스,KOSPI
A108450,KINDEX 삼성그룹섹터가중,ETF
A108590,TREX 200,ETF
A108670,LX하우시스,KOSPI
A108675,LX하우시스우,KOSPI
A109070,컨버즈,KOSPI
A111110,호전실업,KOSPI
A111770,영원무역,KOSPI
A112610,씨에스윈드,KOSPI
A114090,GKL,KOSPI
A114100,KBSTAR 국고채3년,ETF
A114260,KODEX 국고채3년,ETF
A114460,KINDEX 국고채3년,ETF
A114470,KOSEF 국고채3년,ETF
A114800,KODEX 인버스,ETF
A114820,TIGER 국채3년,ETF
A115390,락앤락,KOSPI
A117460,KODEX 에너지화학,ETF
A117580,대성에너지,KOSPI
A117680,KODEX 철강,ETF
A117690,TIGER 차이나항셍25,ETF
A117700,KODEX 건설,ETF
A118000,우리들휴브레인,KOSPI
A119650,KC코트렐,KOSPI
A120030,조선선재,KOSPI
A120110,코오롱인더,KOSPI
A120115,코오롱인더우,KOSPI
A122090,ARIRANG 코스피50,ETF
A122260,KOSEF 통안채1년,ETF
A122630,KODEX 레버리지,ETF
A122900,아이마켓코리아,KOSPI
A123310,TIGER 인버스,ETF
A123320,TIGER 레버리지,ETF
A123690,한국화장품,KOSPI
A123700,SJM,KOSPI
A123890,한국자산신탁,KOSPI
A126560,현대퓨처넷,KOSPI
A128820,대성산업,KOSPI
A128940,한미약품,KOSPI
A129260,인터지스,KOSPI
A130660,한전산업,KOSPI
A130680,TIGER 원유선물Enhanced(H),ETF
A130730,KOSEF 단기자금,ETF
A131890,KINDEX 삼성그룹동일가중,ETF
A132030,KODEX 골드선물(H),ETF
A133690,TIGER 미국나스닥100,ETF
A133820,화인베스틸,KOSPI
A134380,미원화학,KOSPI
A134790,시디즈,KOSPI
A136340,KBSTAR 중기우량회사채,ETF
A136490,선진,KOSPI
A137310,에스디바이오센서,KOSPI
A137610,TIGER 농산물선물Enhanced(H),ETF
A137930,마이다스 200커버드콜5%OTM,ETF
A138040,메리츠금융지주,KOSPI
A138230,KOSEF 미국달러선물,ETF
A138250,엔에스쇼핑,KOSPI
A138490,코오롱플라스틱,KOSPI
A138520,TIGER 삼성그룹펀더멘털,ETF
A138530,TIGER LG그룹+펀더멘털,ETF
A138540,TIGER 현대차그룹+펀더멘털,ETF
A138910,KODEX 구리선물(H),ETF
A138920,KODEX 콩선물(H),ETF
A138930,BNK금융지주,KOSPI
A139130,DGB금융지주,KOSPI
A139220,TIGER 200 건설,ETF
A139230,TIGER 200 중공업,ETF
A139240,TIGER 200 철강소재,ETF
A139250,TIGER 200 에너지화학,ETF
A139260,TIGER 200 IT,ETF
A139270,TIGER 200 금융,ETF
A139280,TIGER 경기방어,ETF
A139290,TIGER 200 경기소비재,ETF
A139310,TIGER 금속선물(H),ETF
A139320,TIGER 금은선물(H),ETF
A139480,이마트,KOSPI
A139660,KOSEF 미국달러선물인버스,ETF
A139990,아주스틸,KOSPI
A140570,KBSTAR 수출주,ETF
A140580,KBSTAR 우량업종,ETF
A140700,KODEX 보험,ETF
A140710,KODEX 운송,ETF
A140910,에이리츠,KOSPI
A140950,파워 코스피100,ETF
A143210,핸즈코퍼레이션,KOSPI
A143460,KINDEX 밸류대형,ETF
A143850,TIGER 미국S&P500선물(H),ETF
A143860,TIGER 헬스케어,ETF
A144600,KODEX 은선물(H),ETF
A144620,코오롱머티리얼,KOSPI
A145210,다이나믹디자인,KOSPI
A145270,케이탑리츠,KOSPI
A145670,KINDEX 인버스,ETF
A145720,덴티움,KOSPI
A145850,TREX 펀더멘탈 200,ETF
A145990,삼양사,KOSPI
A145995,삼양사우,KOSPI
A147970,TIGER 모멘텀,ETF
A148020,KBSTAR 200,ETF
A148070,KOSEF 국고채10년,ETF
A150460,TIGER 중국소비테마,ETF
A152100,ARIRANG 200,ETF
A152380,KODEX 국채선물10년,ETF
A152500,KINDEX 레버리지,ETF
A152550,한국ANKOR유전,KOSPI
A152870,파워 200,ETF
A153130,KODEX 단기채권,ETF
A153270,KOSEF 코스피100,ETF
A153360,하이골드3호,KOSPI
A155660,DSR,KOSPI
A155900,바다로19호,KOSPI
A156080,KODEX MSCI Korea,ETF
A157450,TIGER 단기통안채,ETF
A157490,TIGER 소프트웨어,ETF
A157500,TIGER 증권,ETF
A159800,마이티 코스피100,ETF
A160580,TIGER 구리실물,ETF
A161000,애경유화,KOSPI
A161390,한국타이어앤테크놀로지,KOSPI
A161510,ARIRANG 고배당주,ETF
A161890,한국콜마,KOSPI
A163560,동일고무벨트,KOSPI
A166400,TIGER 200커버드콜5%OTM,ETF
A167860,KOSEF 국고채10년레버리지,ETF
A168300,KTOP 코스피50,ETF
A168490,한국패러랠,KOSPI
A168580,KINDEX 중국본토CSI300,ETF
A169950,KODEX 차이나A50,ETF
A170900,동아에스티,KOSPI
A172580,하이골드12호,KOSPI
A174350,TIGER 로우볼,ETF
A174360,KBSTAR 중국본토대형주CSI100,ETF
A175330,JB금융지주,KOSPI
A176710,파워 중기국고채,ETF
A176950,KODEX 국채선물10년인버스,ETF
A178920,PI첨단소재,KOSPI
A180640,한진칼,KOSPI
A18064K,한진칼우,KOSPI
A181480,KINDEX 미국다우존스리츠(합성 H),ETF
A181710,NHN,KOSPI
A182480,TIGER 미국MSCI리츠(합성 H),ETF
A182490,TIGER 단기선진하이일드(합성 H),ETF
A183190,아세아시멘트,KOSPI
A183700,KBSTAR 채권혼합,ETF
A183710,KBSTAR 주식혼합,ETF
A185680,KODEX 미국S&P바이오(합성),ETF
A185750,종근당,KOSPI
A189400,ARIRANG 글로벌MSCI(합성 H),ETF
A190620,KINDEX 단기통안채,ETF
A192080,더블유게임즈,KOSPI
A192090,TIGER 차이나CSI300,ETF
A192400,쿠쿠홀딩스,KOSPI
A192650,드림텍,KOSPI
A192720,파워 고배당저변동성,ETF
A192820,코스맥스,KOSPI
A194370,제이에스코퍼레이션,KOSPI
A195870,해성디에스,KOSPI
A195920,TIGER 일본TOPIX(합성 H),ETF
A195930,TIGER 유로스탁스50(합성 H),ETF
A195970,ARIRANG 선진국MSCI(합성 H),ETF
A195980,ARIRANG 신흥국MSCI(합성 H),ETF
A196030,KINDEX 일본TOPIX레버리지(H),ETF
A196230,KBSTAR 단기통안채,ETF
A200030,KODEX 미국S&P산업재(합성),ETF
A200250,KOSEF 인도Nifty50(합성),ETF
A200880,서연이화,KOSPI
A203780,TIGER 미국나스닥바이오,ETF
A204210,모두투어리츠,KOSPI
A204320,만도,KOSPI
A204450,KODEX 차이나H레버리지(H),ETF
A204480,TIGER 차이나CSI300레버리지(합성),ETF
A205720,KINDEX 일본TOPIX인버스(합성 H),ETF
A207940,삼성바이오로직스,KOSPI
A208470,SOL 선진국MSCI World(합성 H),ETF
A210540,디와이파워,KOSPI
A210780,TIGER 코스피고배당,ETF
A210980,SK디앤디,KOSPI
A211560,TIGER 배당성장,ETF
A211900,KODEX 배당성장,ETF
A213500,한솔제지,KOSPI
A213610,KODEX 삼성그룹밸류,ETF
A213630,ARIRANG 미국다우존스고배당주(합성 H),ETF
A214320,이노션,KOSPI
A214330,금호에이치티,KOSPI
A214390,경보제약,KOSPI
A214420,토니모리,KOSPI
A214980,KODEX 단기채권PLUS,ETF
A215620,HK S&P코리아로우볼,ETF
A217770,TIGER 원유선물인버스(H),ETF
A217780,TIGER 차이나CSI300인버스(합성),ETF
A217790,TIGER 가격조정,ETF
A218420,KODEX 미국S&P에너지(합성),ETF
A219390,KBSTAR 미국S&P원유생산기업(합성 H),ETF
A219480,KODEX 미국S&P500선물(H),ETF
A219900,KINDEX 중국본토CSI300레버리지(합성),ETF
A220130,SOL 중국본토 중소형 CSI500(합성 H),ETF
A223190,KODEX 200가치저변동,ETF
A225030,TIGER 미국S&P500선물인버스(H),ETF
A225040,TIGER 미국S&P500레버리지(합성 H),ETF
A225050,TIGER 유로스탁스레버리지(합성 H),ETF
A225060,TIGER 이머징마켓MSCI레버리지(합성 H),ETF
A225130,KINDEX 골드선물 레버리지(합성 H),ETF
A225800,KOSEF 미국달러선물레버리지,ETF
A226320,잇츠한불,KOSPI
A226380,KINDEX Fn성장소비주도주,ETF
A226490,KODEX 코스피,ETF
A226980,KODEX 200 중소형,ETF
A227540,TIGER 200 헬스케어,ETF
A227550,TIGER 200 산업재,ETF
A227560,TIGER 200 생활소비재,ETF
A227570,TIGER 우량가치,ETF
A227830,ARIRANG 코스피,ETF
A227840,현대코퍼레이션홀딩스,KOSPI
A228790,TIGER 화장품,ETF
A228800,TIGER 여행레저,ETF
A228810,TIGER 미디어컨텐츠,ETF
A228820,TIGER KTOP30,ETF
A229200,KODEX 코스닥 150,ETF
A229640,LS전선아시아,KOSPI
A229720,KODEX KTOP30,ETF
A230480,KOSEF 미국달러선물인버스2X,ETF
A232080,TIGER 코스닥150,ETF
A233160,TIGER 코스닥150 레버리지,ETF
A233740,KODEX 코스닥150 레버리지,ETF
A234080,JW생명과학,KOSPI
A234310,KBSTAR V&S셀렉트밸류,ETF
A236350,TIGER 인도니프티50레버리지(합성),ETF
A237350,KODEX 코스피100,ETF
A237370,KODEX 배당성장채권혼합,ETF
A237440,TIGER 경기방어채권혼합,ETF
A238670,ARIRANG 스마트베타Quality채권혼합,ETF
A238720,KINDEX 일본Nikkei225(H),ETF
A239660,ARIRANG 우량회사채50 1년,ETF
A241180,TIGER 일본니케이225,ETF
A241390,KBSTAR V&S셀렉트밸류채권혼합,ETF
A241560,두산밥캣,KOSPI
A241590,화승엔터프라이즈,KOSPI
A243880,TIGER 200IT레버리지,ETF
A243890,TIGER 200에너지화학레버리지,ETF
A244580,KODEX 바이오,ETF
A244620,KODEX 모멘텀Plus,ETF
A244660,KODEX 퀄리티Plus,ETF
A244670,KODEX 밸류Plus,ETF
A244920,에이플러스에셋,KOSPI
A245340,TIGER 미국다우존스30,ETF
A245350,TIGER 유로스탁스배당30,ETF
A245360,TIGER 차이나HSCEI,ETF
A245710,KINDEX 베트남VN30(합성),ETF
A248070,솔루엠,KOSPI
A248170,샘표식품,KOSPI
A248260,TIGER 일본TOPIX헬스케어(합성),ETF
A248270,TIGER S&P글로벌헬스케어(합성),ETF
A249420,일동제약,KOSPI
A250730,KBSTAR 차이나HSCEI(H),ETF
A250780,TIGER 코스닥150선물인버스,ETF
A251270,넷마블,KOSPI
A251340,KODEX 코스닥150선물인버스,ETF
A251350,KODEX 선진국MSCI World,ETF
A251590,ARIRANG 고배당저변동50,ETF
A251600,ARIRANG 고배당주채권혼합,ETF
A251890,KINDEX 코스닥(합성),ETF
A252000,TIGER 200동일가중,ETF
A252400,KBSTAR 200선물레버리지,ETF
A252410,KBSTAR 200선물인버스,ETF
A252420,KBSTAR 200선물인버스2X,ETF
A252650,KODEX 200동일가중,ETF
A252670,KODEX 200선물인버스2X,ETF
A252710,TIGER 200선물인버스2X,ETF
A252720,KBSTAR 모멘텀밸류,ETF
A252730,KBSTAR 모멘텀로우볼,ETF
A253150,ARIRANG 200선물레버리지,ETF
A253160,ARIRANG 200선물인버스2X,ETF
A253230,KOSEF 200선물인버스2X,ETF
A253240,KOSEF 200선물인버스,ETF
A253250,KOSEF 200선물레버리지,ETF
A253280,KBSTAR 헬스케어,ETF
A253290,KBSTAR 헬스케어채권혼합,ETF
A256440,KINDEX 인도네시아MSCI(합성),ETF
A256450,ARIRANG 심천차이넥스트(합성),ETF
A256750,KODEX 차이나심천ChiNext(합성),ETF
A259960,크래프톤,KOSPI
A261060,TIGER 코스닥150IT,ETF
A261070,TIGER 코스닥150바이오테크,ETF
A261110,TIGER 미국달러선물레버리지,ETF
A261120,TIGER 미국달러선물인버스2X,ETF
A261140,TIGER 우선주,ETF
A261220,KODEX WTI원유선물(H),ETF
A261240,KODEX 미국달러선물,ETF
A261250,KODEX 미국달러선물레버리지,ETF
A261260,KODEX 미국달러선물인버스2X,ETF
A261270,KODEX 미국달러선물인버스,ETF
A261920,KINDEX 필리핀MSCI(합성),ETF
A264900,크라운제과,KOSPI
A26490K,크라운제과우,KOSPI
A265690,KINDEX 러시아MSCI(합성),ETF
A266160,KBSTAR 고배당,ETF
A266360,KODEX 미디어&엔터테인먼트,ETF
A266370,KODEX IT,ETF
A266390,KODEX 경기소비재,ETF
A266410,KODEX 필수소비재,ETF
A266420,KODEX 헬스케어,ETF
A266550,ARIRANG 중형주저변동50,ETF
A267250,현대중공업지주,KOSPI
A267260,현대일렉트릭,KOSPI
A267270,현대건설기계,KOSPI
A267290,경동도시가스,KOSPI
A267440,KBSTAR 미국장기국채선물(H),ETF
A267450,KBSTAR 미국장기국채선물인버스(H),ETF
A267490,KBSTAR 미국장기국채선물레버리지(합성 H),ETF
A267500,KBSTAR 미국장기국채선물인버스2X(합성 H),ETF
A267770,TIGER 200선물레버리지,ETF
A267850,아시아나IDT,KOSPI
A268280,미원에스씨,KOSPI
A269370,TIGER S&P글로벌인프라(합성),ETF
A269420,KODEX S&P글로벌인프라(합성),ETF
A269530,ARIRANG S&P글로벌인프라,ETF
A269540,ARIRANG 미국S&P500(H),ETF
A270800,KBSTAR KQ고배당,ETF
A270810,KBSTAR 코스닥150,ETF
A271050,KODEX WTI원유선물인버스(H),ETF
A271060,KODEX 3대농산물선물(H),ETF
A271560,오리온,KOSPI
A271940,일진하이솔루스,KOSPI
A271980,제일약품,KOSPI
A272210,한화시스템,KOSPI
A272220,KINDEX 스마트모멘텀,ETF
A272230,KINDEX 스마트밸류,ETF
A272450,진에어,KOSPI
A272550,삼양패키징,KOSPI
A272560,KBSTAR 단기국공채액티브,ETF
A272570,KBSTAR 중장기국공채액티브,ETF
A272580,TIGER 단기채권액티브,ETF
A272910,KINDEX 중장기국공채액티브,ETF
A273130,KODEX 종합채권(AA-이상)액티브,ETF
A273140,KODEX 단기변동금리부채권액티브,ETF
A275280,KODEX MSCI모멘텀,ETF
A275290,KODEX MSCI밸류,ETF
A275300,KODEX MSCI퀄리티,ETF
A275750,KBSTAR 코스닥150선물인버스,ETF
A275980,TIGER 글로벌4차산업혁신기술(합성 H),ETF
A276000,TIGER 글로벌자원생산기업(합성 H),ETF
A276650,KBSTAR 글로벌4차산업IT(합성 H),ETF
A276970,KODEX 미국S&P고배당커버드콜(합성 H),ETF
A276990,KODEX 글로벌4차산업로보틱스(합성),ETF
A277540,KINDEX S&P아시아TOP50,ETF
A277630,TIGER 코스피,ETF
A277640,TIGER 코스피대형주,ETF
A277650,TIGER 코스피중형주,ETF
A278240,KBSTAR 코스닥150선물레버리지,ETF
A278420,ARIRANG ESG우수기업,ETF
A278530,KODEX 200TR,ETF
A278540,KODEX MSCI Korea TR,ETF
A278620,ARIRANG 단기채권액티브,ETF
A279530,KODEX 고배당,ETF
A279540,KODEX 최소변동성,ETF
A280320,KINDEX 미국IT인터넷S&P(합성 H),ETF
A280360,롯데제과,KOSPI
A280920,ARIRANG 주도업종,ETF
A280930,KODEX 미국러셀2000(H),ETF
A280940,KODEX 골드선물인버스(H),ETF
A281820,케이씨텍,KOSPI
A281990,KBSTAR 중소형고배당,ETF
A282000,KBSTAR 국고채3년선물인버스,ETF
A282330,BGF리테일,KOSPI
A282690,동아타이어,KOSPI
A283580,KODEX 차이나CSI300,ETF
A284430,KODEX 200미국채혼합,ETF
A284740,쿠쿠홈시스,KOSPI
A284980,KBSTAR 200금융,ETF
A284990,KBSTAR 200에너지화학,ETF
A285000,KBSTAR 200IT,ETF
A285010,KBSTAR 200중공업,ETF
A285020,KBSTAR 200철강소재,ETF
A285130,SK케미칼,KOSPI
A28513K,SK케미칼우,KOSPI
A285690,FOCUS ESG리더스,ETF
A286940,롯데정보통신,KOSPI
A287180,ARIRANG 미국나스닥기술주,ETF
A287300,KBSTAR 200건설,ETF
A287310,KBSTAR 200경기소비재,ETF
A287320,KBSTAR 200산업재,ETF
A287330,KBSTAR 200생활소비재,ETF
A289040,KODEX MSCI KOREA ESG유니버설,ETF
A289250,TIGER MSCI KOREA ESG유니버설,ETF
A289260,TIGER MSCI KOREA ESG리더스,ETF
A289480,TIGER 200커버드콜ATM,ETF
A289670,ARIRANG 국채선물10년,ETF
A290080,KBSTAR 200고배당커버드콜ATM,ETF
A290130,KBSTAR ESG사회책임투자,ETF
A291130,KINDEX 멕시코MSCI(합성),ETF
A291620,KOSEF 코스닥150선물인버스,ETF
A291630,KOSEF 코스닥150선물레버리지,ETF
A291680,KBSTAR 차이나H선물인버스(H),ETF
A291890,KODEX MSCI EM선물(H),ETF
A292050,KBSTAR KRX300,ETF
A292150,TIGER TOP10,ETF
A292160,TIGER KRX300,ETF
A292190,KODEX KRX300,ETF
A292340,마이티 200커버드콜ATM레버리지,ETF
A292500,SOL KRX300,ETF
A292560,TIGER 일본엔선물,ETF
A292730,FOCUS KRX300,ETF
A292750,ARIRANG KRX300,ETF
A292770,KODEX 국채선물3년인버스,ETF
A293180,HANARO 200,ETF
A293480,하나제약,KOSPI
A293940,신한알파리츠,KOSPI
A294400,KOSEF 200TR,ETF
A294870,HDC현대산업개발,KOSPI
A295000,KBSTAR 국채선물10년,ETF
A295020,KBSTAR 국채선물10년인버스,ETF
A295040,SOL 200TR,ETF
A295820,ARIRANG 200동일가중,ETF
A298000,효성화학,KOSPI
A298020,효성티앤씨,KOSPI
A298040,효성중공업,KOSPI
A298050,효성첨단소재,KOSPI
A298340,ARIRANG 국채선물3년,ETF
A298690,에어부산,KOSPI
A298770,KODEX 한국대만IT프리미어,ETF
A299070,KINDEX 국채선물10년인버스,ETF
A299080,KINDEX 국채선물3년인버스,ETF
A300610,TIGER K게임,ETF
A300640,KBSTAR 게임테마,ETF
A300720,한일시멘트,KOSPI
A300950,KODEX 게임산업,ETF
A301400,ARIRANG 코스닥150,ETF
A301410,ARIRANG 코스닥150선물인버스,ETF
A301440,ARIRANG 코스피중형주,ETF
A302170,TIGER 국채선물3년인버스,ETF
A302180,TIGER 국채선물10년인버스,ETF
A302190,TIGER 중장기국채,ETF
A302440,SK바이오사이언스,KOSPI
A302450,KBSTAR 코스피,ETF
A304660,KODEX 미국채울트라30년선물(H),ETF
A304670,KODEX 미국채울트라30년선물인버스(H),ETF
A304760,HANARO KRX300,ETF
A304770,HANARO 코스닥150,ETF
A304780,HANARO 200선물레버리지,ETF
A304940,KODEX 미국나스닥100선물(H),ETF
A305050,KINDEX 코스피,ETF
A305080,TIGER 미국채10년선물,ETF
A305540,TIGER 2차전지테마,ETF
A305720,KODEX 2차전지산업,ETF
A306200,세아제강,KOSPI
A306520,HANARO 200선물인버스,ETF
A306530,HANARO 코스닥150선물레버리지,ETF
A306950,KODEX KRX300레버리지,ETF
A307010,KBSTAR KRX300레버리지,ETF
A307510,TIGER 의료기기,ETF
A307520,TIGER 지주회사,ETF
A307950,현대오토에버,KOSPI
A308170,센트랄모텍,KOSPI
A308620,KODEX 미국채10년선물,ETF
A309210,ARIRANG KRX300헬스케어,ETF
A309230,KINDEX 미국WideMoat가치주,ETF
A310080,KBSTAR 중국MSCI China(H),ETF
A310960,TIGER 200TR,ETF
A310970,TIGER MSCI Korea TR,ETF
A314250,KODEX 미국FANG플러스(H),ETF
A314700,HANARO 농업융복합산업,ETF
A315270,TIGER 200커뮤니케이션서비스,ETF
A315480,KBSTAR 200커뮤니케이션서비스,ETF
A315930,KODEX Top5PlusTR,ETF
A315960,KBSTAR 대형고배당10TR,ETF
A316140,우리금융지주,KOSPI
A316300,KINDEX 싱가포르리츠,ETF
A316670,KOSEF 코스닥150,ETF
A317400,자이에스앤디,KOSPI
A319640,TIGER 골드선물(H),ETF
A319870,KBSTAR KRX300미국달러선물혼합,ETF
A321410,KODEX 멀티에셋하이인컴(H),ETF
A322000,현대에너지솔루션,KOSPI
A322120,KINDEX 스마트퀄리티,ETF
A322130,KINDEX 스마트로우볼,ETF
A322150,KINDEX 스마트하이베타,ETF
A322400,HANARO e커머스,ETF
A322410,HANARO 고배당,ETF
A323410,카카오뱅크,KOSPI
A325010,KODEX Fn성장,ETF
A325020,KODEX 배당가치,ETF
A326030,SK바이오팜,KOSPI
A326230,KBSTAR 내수주플러스,ETF
A326240,KBSTAR IT플러스,ETF
A328370,ARIRANG 코스피TR,ETF
A329180,현대중공업,KOSPI
A329200,TIGER 부동산인프라고배당,ETF
A329650,KODEX TRF3070,ETF
A329660,KODEX TRF5050,ETF
A329670,KODEX TRF7030,ETF
A329750,TIGER 미국달러단기채권액티브,ETF
A330590,롯데리츠,KOSPI
A331910,KOSEF Fn중소형,ETF
A332500,KINDEX 200TR,ETF
A332610,ARIRANG 미국단기우량회사채,ETF
A332620,ARIRANG 미국장기우량회사채,ETF
A332930,HANARO 200TR,ETF
A332940,HANARO MSCI Korea TR,ETF
A333940,ARIRANG KS로우볼가중TR,ETF
A333950,ARIRANG KS로우사이즈가중TR,ETF
A333960,ARIRANG KS모멘텀가중TR,ETF
A333970,ARIRANG KS밸류가중TR,ETF
A333980,ARIRANG KS퀄리티가중TR,ETF
A334690,KBSTAR 팔라듐선물(H),ETF
A334700,KBSTAR 팔라듐선물인버스(H),ETF
A334890,이지스밸류리츠,KOSPI
A336160,KBSTAR 금융채액티브,ETF
A336260,두산퓨얼셀,KOSPI
A33626K,두산퓨얼셀1우,KOSPI
A33626L,두산퓨얼셀2우B,KOSPI
A336370,솔루스첨단소재,KOSPI
A33637K,솔루스첨단소재1우,KOSPI
A33637L,솔루스첨단소재2우B,KOSPI
A337120,KODEX Fn멀티팩터,ETF
A337140,KODEX 코스피대형주,ETF
A337150,KODEX 200exTOP,ETF
A337160,KODEX 200ESG,ETF
A338100,NH프라임리츠,KOSPI
A339770,교촌에프앤비,KOSPI
A341850,TIGER KIS부동산인프라채권TR,ETF
A342140,KINDEX 모닝스타싱가포르리츠채권혼합,ETF
A342500,KBSTAR KRX국채선물3년10년스티프너,ETF
A342600,KBSTAR KRX국채선물3년10년스티프너2X,ETF
A342610,KBSTAR KRX국채선물3년10년플래트너,ETF
A342620,KBSTAR KRX국채선물3년10년플래트너2X,ETF
A344820,KCC글라스,KOSPI
A346000,HANARO KAP초장기국고채,ETF
A348950,제이알글로벌리츠,KOSPI
A350520,이지스레지던스리츠,KOSPI
A352540,KODEX TSE일본리츠(H),ETF
A352560,KODEX 다우존스미국리츠(H),ETF
A352820,하이브,KOSPI
A353200,대덕전자,KOSPI
A35320K,대덕전자1우,KOSPI
A354240,KBSTAR 미국고정배당우선증권ICE TR,ETF
A354350,HANARO 글로벌럭셔리S&P(합성),ETF
A354500,KINDEX 코스닥150,ETF
A356540,KINDEX KIS종합채권(AA-이상)액티브,ETF
A357120,코람코에너지리츠,KOSPI
A357250,미래에셋맵스리츠,KOSPI
A357870,TIGER CD금리투자KIS(합성),ETF
A359210,KODEX 코스피TR,ETF
A360140,KODEX 200롱코스닥150숏선물,ETF
A360150,KODEX 코스닥150롱코스피200숏선물,ETF
A360200,KINDEX 미국S&P500,ETF
A360750,TIGER 미국S&P500,ETF
A361580,KBSTAR 200TR,ETF
A361590,KBSTAR 코스피ex200,ETF
A361610,SK아이이테크놀로지,KOSPI
A363280,티와이홀딩스,KOSPI
A36328K,티와이홀딩스우,KOSPI
A363510,SOL KIS단기통안채,ETF
A363570,KODEX 장기종합채권(AA-이상)액티브KAP,ETF
A363580,KODEX 200IT TR,ETF
A364690,KODEX 혁신기술테마액티브,ETF
A364960,TIGER KRX BBIG K-뉴딜,ETF
A364970,TIGER KRX바이오K-뉴딜,ETF
A364980,TIGER KRX2차전지K-뉴딜,ETF
A364990,TIGER KRX게임K-뉴딜,ETF
A365000,TIGER KRX인터넷K-뉴딜,ETF
A365040,TIGER AI코리아그로스액티브,ETF
A365550,ESR켄달스퀘어리츠,KOSPI
A365780,KINDEX 국고채10년,ETF
A367380,KINDEX 미국나스닥100,ETF
A367740,HANARO Fn5G산업,ETF
A367760,KBSTAR Fn5G테크,ETF
A367770,KBSTAR Fn수소경제테마,ETF
A368190,HANARO Fn K-뉴딜디지털플러스,ETF
A368200,KBSTAR Fn K-뉴딜디지털플러스,ETF
A368470,KINDEX Fn K-뉴딜디지털플러스,ETF
A368590,KBSTAR 미국나스닥100,ETF
A368680,KODEX Fn K-뉴딜디지털플러스,ETF
A371130,KINDEX 블룸버그베트남VN30선물레버리지(H),ETF
A371150,KBSTAR 차이나항셍테크,ETF
A371160,TIGER 차이나항셍테크,ETF
A371450,TIGER 글로벌클라우드컴퓨팅INDXX,ETF
A371460,TIGER 차이나전기차SOLACTIVE,ETF
A371470,TIGER 차이나바이오테크SOLACTIVE,ETF
A371870,KINDEX 차이나항셍테크,ETF
A372330,KODEX 차이나항셍테크,ETF
A372910,한컴라이프케어,KOSPI
A373490,KODEX K-이노베이션액티브,ETF
A373530,ARIRANG 신흥국MSCI인버스(합성 H),ETF
A373790,KOSEF 미국방어배당성장나스닥,ETF
A375270,KBSTAR 글로벌데이터센터리츠나스닥(합성),ETF
A375500,DL이앤씨,KOSPI
A37550K,DL이앤씨우,KOSPI
A375760,HANARO 탄소효율그린뉴딜,ETF
A375770,KODEX 탄소효율그린뉴딜,ETF
A376250,ARIRANG 탄소효율그린뉴딜,ETF
A376410,TIGER 탄소효율그린뉴딜,ETF
A377190,디앤디플랫폼리츠,KOSPI
A377990,TIGER Fn신재생에너지,ETF
A378850,화승알앤에이,KOSPI
A379780,KBSTAR 미국S&P500,ETF
A379790,KBSTAR 유로스탁스50(H),ETF
A379800,KODEX 미국S&P500TR,ETF
A379810,KODEX 미국나스닥100TR,ETF
A380340,KINDEX Fn5G플러스,ETF
A380440,엔에이치스팩19호,KOSPI
A381170,TIGER 미국테크TOP10 INDXX,ETF
A381180,TIGER 미국필라델피아반도체나스닥,ETF
A381560,HANARO Fn전기&수소차,ETF
A381570,HANARO Fn친환경에너지,ETF
A383220,F&F,KOSPI
A383800,LX홀딩스,KOSPI
A38380K,LX홀딩스1우,KOSPI
A385510,KODEX K-신재생에너지액티브,ETF
A385520,KODEX K-미래차액티브,ETF
A385540,KBSTAR KIS종합채권(A-이상)액티브,ETF
A385550,KBSTAR KIS단기종합채권(AA-이상)액티브,ETF
A385560,KBSTAR KIS국고채30년Enhanced,ETF
A385590,네비게이터 ESG액티브,ETF
A385600,네비게이터 친환경자동차밸류체인액티브,ETF
A385710,TIMEFOLIO BBIG액티브,ETF
A385720,TIMEFOLIO Kstock액티브,ETF
A387270,TIGER 글로벌BBIG액티브,ETF
A387280,TIGER 퓨처모빌리티액티브,ETF
A388280,KBSTAR Fn컨택트대표,ETF
A388420,KBSTAR 비메모리반도체액티브,ETF
A390390,KODEX 미국반도체MV,ETF
A390400,KODEX 미국스마트모빌리티S&P,ETF
A390950,HANARO 단기채권액티브,ETF
A391590,KINDEX 미국스팩&IPO INDXX,ETF
A391600,KINDEX 미국친환경그린테마INDXX,ETF
A391670,HK 베스트일레븐액티브,ETF
A391680,HK 하이볼액티브,ETF
A394340,KOSEF 릭소글로벌디지털경제MSCI,ETF
A394350,KOSEF 릭소글로벌퓨처모빌리티MSCI,ETF
A394660,TIGER 글로벌자율주행&전기차SOLACTIVE,ETF
A394670,TIGER 글로벌리튬&2차전지SOLACTIVE(합성),ETF
A395150,KODEX Fn웹툰&드라마,ETF
A395160,KODEX Fn시스템반도체,ETF
A395170,KODEX Fn Top10동일가중,ETF
A395270,HANARO Fn K-반도체,ETF
A395280,HANARO Fn K-게임,ETF
A395290,HANARO Fn K-POP&미디어,ETF
A395400,SK리츠,KOSPI
A395750,ARIRANG ESG가치주액티브,ETF
A395760,ARIRANG ESG성장주액티브,ETF
A396500,TIGER Fn반도체TOP10,ETF
A396510,TIGER 차이나클린에너지SOLACTIVE,ETF
A396520,TIGER 차이나반도체FACTSET,ETF
A397410,KBSTAR 국채선물5년추종인버스,ETF
A397420,KBSTAR 국채선물5년추종,ETF
A399110,SOL 미국S&P500ESG,ETF
A400570,KODEX 유럽탄소배출권선물ICE(H),ETF
A400580,SOL 유럽탄소배출권선물S&P(H),ETF
A400590,SOL 글로벌탄소배출권선물IHS(합성),ETF
A401590,HANARO 글로벌탄소배출권선물ICE(합성),ETF
A402520,FOCUS 혁신기업액티브,ETF
A900140,엘브이엠씨홀딩스,KOSPI
A950210,프레스티지바이오파마,KOSPI
Q500001,신한 K200 USD 선물 바이셀 ETN,KOSPI
Q500002,신한 USD K200 선물 바이셀 ETN,KOSPI
Q500003,신한 인버스 WTI원유 선물 ETN(H),KOSPI
Q500004,신한 브렌트원유 선물 ETN(H),KOSPI
Q500005,신한 인버스 브렌트원유 선물 ETN(H),KOSPI
Q500006,신한 인버스 금 선물 ETN(H),KOSPI
Q500007,신한 인버스 은 선물 ETN(H),KOSPI
Q500008,신한 인버스 구리 선물 ETN(H),KOSPI
Q500009,신한 다우존스지수 선물 ETN(H),KOSPI
Q500010,신한 인버스 다우존스지수 선물 ETN(H),KOSPI
Q500011,신한 달러인덱스 선물 ETN(H),KOSPI
Q500012,신한 인버스 달러인덱스 선물 ETN(H),KOSPI
Q500013,신한 옥수수 선물 ETN(H),KOSPI
Q500014,신한 인버스 옥수수 선물 ETN(H),KOSPI
Q500015,신한 WTI원유 선물 ETN(H),KOSPI
Q500016,신한 금 선물 ETN(H),KOSPI
Q500017,신한 은 선물 ETN(H),KOSPI
Q500018,신한 구리 선물 ETN(H),KOSPI
Q500019,신한 레버리지 WTI원유 선물 ETN(H),KOSPI
Q500020,신한 레버리지 다우존스지수 선물 ETN(H),KOSPI
Q500021,신한 천연가스 선물 ETN(H),KOSPI
Q500022,신한 인버스 천연가스 선물 ETN(H),KOSPI
Q500023,신한 콩 선물 ETN(H),KOSPI
Q500024,신한 인버스 콩 선물 ETN(H),KOSPI
Q500027,신한 인버스 2X WTI원유 선물 ETN(H),KOSPI
Q500028,신한 인버스 2X 다우존스지수 선물 ETN(H),KOSPI
Q500029,신한 레버리지 은 선물 ETN(H),KOSPI
Q500030,신한 인버스 2X 은 선물 ETN(H),KOSPI
Q500032,신한 인버스 2X 천연가스 선물 ETN(H),KOSPI
Q500035,신한 레버리지 미국달러 선물 ETN,KOSPI
Q500036,신한 인버스 2X 미국달러 선물 ETN,KOSPI
Q500037,신한 레버리지 금 선물 ETN,KOSPI
Q500038,신한 인버스 2X 금 선물 ETN,KOSPI
Q500039,신한 코스피 콘도르 4/10% ETN,KOSPI
Q500040,신한 레버리지 구리 선물 ETN,KOSPI
Q500041,신한 인버스 2X 구리 선물 ETN,KOSPI
Q500042,신한 코스피 콘도르 6/10% ETN,KOSPI
Q500043,신한 코스피 콘도르 4/10% 콜 2204-01 ETN,KOSPI
Q500044,신한 코스피 콘도르 6/10% 콜 2204-01 ETN,KOSPI
Q500046,신한 코스피 월별 양매도 3% OTM ETN,KOSPI
Q500047,신한 코스피 월별 양매도 5% OTM ETN,KOSPI
Q500048,신한 코스피 월별 양매도 3% 콜 2206-1 ETN,KOSPI
Q500049,신한 코스피 월별 양매도 5% 콜 2206-1 ETN,KOSPI
Q500050,신한 레버리지 S&P500 선물 ETN,KOSPI
Q500051,신한 인버스 2X S&P500 선물 ETN,KOSPI
Q500053,신한 레버리지 천연가스 선물 ETN,KOSPI
Q500054,신한 인버스 2X 천연가스 선물 ETN,KOSPI
Q500055,신한 인버스 Russell 2000 ETN,KOSPI
Q500056,신한 레버리지 Russell 2000 ETN,KOSPI
Q500057,신한 인버스 2X Russell 2000 ETN,KOSPI
Q500058,신한 S&P500 VIX S/T 선물 ETN C,KOSPI
Q500059,신한 FnGuide 메타버스 ETN,KOSPI
Q510001,대신 WTI원유 선물 ETN(H),KOSPI
Q510002,대신 아연선물 ETN(H),KOSPI
Q510003,대신 니켈선물 ETN(H),KOSPI
Q510004,대신 인버스 아연선물 ETN(H),KOSPI
Q510005,대신 2X 아연선물 ETN(H),KOSPI
Q510006,대신 인버스 니켈선물 ETN(H),KOSPI
Q510007,대신 2X 니켈선물 ETN(H),KOSPI
Q510008,대신 철광석 선물 ETN(H),KOSPI
Q510009,대신 인버스 철광석 선물 ETN(H),KOSPI
Q510010,대신 인버스 2X 니켈선물 ETN(H),KOSPI
Q510011,대신 골드 커버드콜 타겟 5%인컴 ETN(H),KOSPI
Q510014,대신 알루미늄 선물 ETN(H),KOSPI
Q510015,대신 밀 선물 ETN(H),KOSPI
Q510016,대신 천연가스 선물 ETN(H),KOSPI
Q510017,대신 2X 철광석 선물 ETN(H),KOSPI
Q520003,미래에셋 원자재 선물 ETN(H),KOSPI
Q520004,미래에셋 전기전자 Core5 ETN,KOSPI
Q520005,미래에셋 인버스 전기전자 Core5 ETN,KOSPI
Q520006,미래에셋 에너지화학 Core5 ETN,KOSPI
Q520007,미래에셋 인버스 에너지화학 Core5 ETN,KOSPI
Q520009,미래에셋 레버리지 원유선물혼합 ETN(H),KOSPI
Q520010,미래에셋 원유선물혼합 ETN(H),KOSPI
Q520011,미래에셋 인버스 원유선물혼합 ETN(H),KOSPI
Q520013,미래에셋 Q150 Core5 ETN,KOSPI
Q520014,미래에셋 미디어엔터 Core5 ETN,KOSPI
Q520015,미래에셋 인버스 미디어엔터 Core5 ETN,KOSPI
Q520026,미래에셋 코스피 양매도 5% OTM ETN,KOSPI
Q520030,미래에셋 KRX금현물 Auto-KO-C 2312-01 ETN,KOSPI
Q520031,미래에셋 K200 Auto-KO-C 2206-01 ETN,KOSPI
Q520032,미래에셋 K200 Auto-KO-P 2206-01 ETN,KOSPI
Q520033,미래에셋 레버리지 은 선물 ETN,KOSPI
Q520034,미래에셋 인버스 2X 은 선물 ETN,KOSPI
Q520035,미래에셋 KRX금 Auto-KO-C(참200) 2210 ETN,KOSPI
Q520036,미래에셋 KRX 금Auto-KO-P(참100) 2210 ETN,KOSPI
Q530002,삼성 인버스 China A50 선물 ETN(H),KOSPI
Q530014,삼성 China A50 선물 ETN(H),KOSPI
Q530015,삼성 미국 대형 성장주 ETN(H),KOSPI
Q530016,삼성 미국 대형 가치주 ETN(H),KOSPI
Q530019,삼성 미국 대형 성장주 ETN,KOSPI
Q530020,삼성 미국 대형 가치주 ETN,KOSPI
Q530023,삼성 레버리지 China A50 선물 ETN(H),KOSPI
Q530031,삼성 레버리지 WTI원유 선물 ETN,KOSPI
Q530036,삼성 인버스 2X WTI원유 선물 ETN,KOSPI
Q530053,삼성 코스피 풋매도 ETN,KOSPI
Q530055,삼성 레버리지 금 선물 ETN(H),KOSPI
Q530056,삼성 인버스 2X 금 선물 ETN(H),KOSPI
Q530060,삼성 코스피 양매도 5% OTM ETN,KOSPI
Q530061,삼성 레버리지 은 선물 ETN(H),KOSPI
Q530062,삼성 인버스 2X 은 선물 ETN(H),KOSPI
Q530063,삼성 레버리지 구리 선물 ETN(H),KOSPI
Q530064,삼성 인버스 2X 구리 선물 ETN(H),KOSPI
Q530066,삼성 코스피 풋매도 4% OTM ETN,KOSPI
Q530067,삼성 KRX 금현물 ETN,KOSPI
Q530068,삼성 레버리지 천연가스 선물 ETN B,KOSPI
Q530069,삼성 인버스 2X 천연가스 선물 ETN B,KOSPI
Q530070,삼성 레버리지 나스닥 100 ETN(H),KOSPI
Q530071,삼성 인버스 2X 나스닥 100 ETN(H),KOSPI
Q530072,삼성 S&P500 VIX S/T 선물 ETN(H) C,KOSPI
Q530073,삼성 HSCEI ETN(H),KOSPI
Q530074,삼성 인버스 HSCEI ETN(H),KOSPI
Q530075,삼성 레버리지 HSCEI ETN(H),KOSPI
Q530076,삼성 인버스 2X HSCEI ETN(H),KOSPI
Q530077,삼성 나스닥 100 ETN(H),KOSPI
Q530078,삼성 인버스 나스닥 100 ETN(H),KOSPI
Q530079,삼성 항셍테크 ETN(H),KOSPI
Q530080,삼성 인버스 항셍테크 ETN(H),KOSPI
Q530081,삼성 레버리지 항셍테크 ETN(H),KOSPI
Q530082,삼성 인버스 2X 항셍테크 ETN(H),KOSPI
Q530083,삼성 금 선물 ETN(H),KOSPI
Q530084,삼성 인버스 금 선물 ETN(H),KOSPI
Q530085,삼성 KRX BBIG K-뉴딜 ETN,KOSPI
Q530086,삼성 레버리지 KRX BBIG K-뉴딜 ETN,KOSPI
Q530087,삼성 KRX 2차전지 K-뉴딜 ETN,KOSPI
Q530088,삼성 레버리지 KRX 2차전지 K-뉴딜 ETN,KOSPI
Q530089,삼성 은 선물 ETN(H),KOSPI
Q530090,삼성 인버스 은 선물 ETN(H),KOSPI
Q550041,QV 미국 IT TOP5 ETN(H),KOSPI
Q550042,QV 레버리지 WTI원유 선물 ETN(H),KOSPI
Q550043,QV 인버스 레버리지 WTI원유 선물 ETN(H),KOSPI
Q550044,QV 레버리지 S&P500 ETN,KOSPI
Q550045,QV 인버스 레버리지 S&P500 ETN,KOSPI
Q550057,QV 코스피 변동성 매칭형 양매도 ETN,KOSPI
Q550059,QV iSelect 글로벌 EMP ETN(H),KOSPI
Q550060,QV S&P500 VIX S/T 선물 ETN C,KOSPI
Q550061,QV 인버스 미국 IT TOP5 ETN(H),KOSPI
Q550062,QV 레버리지 금 선물 ETN(H),KOSPI
Q550063,QV 인버스 레버리지 금 선물 ETN(H),KOSPI
Q550064,QV 레버리지 은 선물 ETN(H),KOSPI
Q550065,QV 인버스 레버리지 은 선물 ETN(H),KOSPI
Q570019,TRUE 코스피 양매도 5% OTM ETN,KOSPI
Q570020,TRUE 코스피 커버드콜 ETN B,KOSPI
Q570021,TRUE 코스피 커버드풋 ETN B,KOSPI
Q570022,TRUE 레버리지 S&P500 선물 ETN(H),KOSPI
Q570023,TRUE 인버스 2X S&P500 선물 ETN(H),KOSPI
Q570025,TRUE 인버스 유로스탁스50 ETN(H) B,KOSPI
Q570027,TRUE 인버스 2X 유로스탁스50 ETN(H),KOSPI
Q570028,TRUE 인버스 HSCEI ETN(H) B,KOSPI
Q570029,TRUE 코스피 양매도 3% OTM ETN,KOSPI
Q570030,TRUE 코스피 양매도 ATM ETN,KOSPI
Q570031,TRUE 레버리지 HSCEI ETN(H),KOSPI
Q570032,TRUE 인버스 2X HSCEI ETN(H),KOSPI
Q570034,TRUE 엔선물 ETN B,KOSPI
Q570035,TRUE 레버리지 엔선물 ETN B,KOSPI
Q570036,TRUE 인버스 엔선물 ETN B,KOSPI
Q570037,TRUE 유로선물 ETN B,KOSPI
Q570038,TRUE 인버스 유로선물 ETN B,KOSPI
Q570042,TRUE 인버스 나스닥 100 ETN,KOSPI
Q570043,TRUE 레버리지 나스닥 100 ETN,KOSPI
Q570044,TRUE 인버스 2X 나스닥 100 ETN,KOSPI
Q570045,TRUE 레버리지 천연가스 선물 ETN(H),KOSPI
Q570046,TRUE 인버스 2X 천연가스 선물 ETN(H),KOSPI
Q570047,TRUE FTSE100 ETN,KOSPI
Q570048,TRUE 유로스탁스50 양매도 5% OTM ETN(H),KOSPI
Q570049,TRUE S&P500 양매도 4% OTM ETN(H),KOSPI
Q570050,TRUE S&P500 선물 ETN,KOSPI
Q570051,TRUE 나스닥 100 ETN,KOSPI
Q570052,TRUE 플래티넘 선물 ETN,KOSPI
Q570053,TRUE 인버스 플래티넘 선물 ETN,KOSPI
Q570054,TRUE 레버리지 유로스탁스50 ETN(H) B,KOSPI
Q570055,TRUE 금 선물 ETN,KOSPI
Q570056,TRUE 인버스 금 선물 ETN,KOSPI
Q570057,TRUE 은 선물 ETN,KOSPI
Q570058,TRUE 인버스 은 선물 ETN,KOSPI
Q570059,TRUE 레버리지 금 선물 ETN,KOSPI
Q570060,TRUE 인버스 2X 금 선물 ETN,KOSPI
Q570061,TRUE 레버리지 은 선물 ETN,KOSPI
Q570062,TRUE 인버스 2X 은 선물 ETN,KOSPI
Q570063,TRUE 베트남 VN30 선물 ETN(H),KOSPI
Q570064,TRUE 인버스 베트남 VN30 선물 ETN(H),KOSPI
Q570065,TRUE 레버리지 베트남 VN30 선물 ETN(H),KOSPI
Q570066,TRUE 인버스 2X 베트남 VN30 선물 ETN(H),KOSPI
Q580010,KB Wise 분할매매 ETN,KOSPI
Q580011,KB FnGuide 언택트 ETN,KOSPI
Q580012,KB KRX300 ETN,KOSPI
Q580013,KB KRX ESG Eco ETN,KOSPI
Q580014,KB 인버스 2X 나스닥 100 ETN,KOSPI
Q580015,KB 레버리지 나스닥 100 ETN,KOSPI
Q580016,KB 레버리지 S&P 500 선물 ETN(H),KOSPI
Q580017,KB 인버스 2X S&P 500 선물 ETN,KOSPI
Q580018,KB 레버리지 항셍테크 선물 ETN(H),KOSPI
Q580019,KB 인버스 2X 항셍테크 선물 ETN,KOSPI
Q580020,KB 천연가스 선물 ETN(H),KOSPI
Q580021,KB 인버스 천연가스 선물 ETN,KOSPI
Q580022,KB 레버리지 금 선물 ETN(H),KOSPI
Q580023,KB 인버스 2X 금 선물 ETN(H),KOSPI
Q580024,KB 레버리지 KRX BBIG K-뉴딜 ETN,KOSPI
Q580025,KB 레버리지 KRX 2차전지 K-뉴딜 ETN,KOSPI
Q580026,KB 레버리지 은 선물 ETN(H),KOSPI
Q580027,KB 인버스 2X 은 선물 ETN(H),KOSPI
Q590018,미래에셋 중국 심천 100 ETN,KOSPI
Q610001,메리츠 인플레이션 국채 ETN,KOSPI
Q610002,메리츠 레버리지 인플레이션 국채 ETN,KOSPI
Q610003,메리츠 미국 인플레이션 국채 ETN(H),KOSPI
Q610004,메리츠 미국레버리지 인플레이션국채ETN(H),KOSPI
Q610005,메리츠 레버리지 KRX300 선물 ETN,KOSPI
Q610006,메리츠 인버스 2X KRX300 선물 ETN,KOSPI
Q610007,메리츠 국채30년 ETN,KOSPI
Q610008,메리츠 레버리지 국채30년 ETN,KOSPI
Q610009,메리츠 인버스 국채30년 ETN,KOSPI
Q610010,메리츠 인버스 2X 국채30년 ETN,KOSPI
Q610011,메리츠 금 선물 ETN(H),KOSPI
Q610012,메리츠 레버리지 금 선물 ETN(H),KOSPI
Q610013,메리츠 인버스 2X 금 선물 ETN(H),KOSPI
Q610014,메리츠 은 선물 ETN(H),KOSPI
Q610015,메리츠 인버스 은 선물 ETN(H),KOSPI
Q610016,메리츠 레버리지 은 선물 ETN(H),KOSPI
Q610017,메리츠 인버스 2X 은 선물 ETN(H),KOSPI
Q700001,하나 코스피 변동성추세 추종 양매도 ETN,KOSPI
Q700002,하나 KRX300 ETN,KOSPI
Q700003,하나 KRX BBIG K-뉴딜 ETN,KOSPI
Q700004,하나 레버리지 KRX BBIG K-뉴딜 ETN,KOSPI
A000250,삼천당제약,KOSDAQ
A000440,중앙에너비스,KOSDAQ
A001000,신라섬유,KOSDAQ
A001540,안국약품,KOSDAQ
A001810,무림SP,KOSDAQ
A001840,이화공영,KOSDAQ
A002230,피에스텍,KOSDAQ
A002290,삼일기업공사,KOSDAQ
A002680,한탑,KOSDAQ
A002800,신신제약,KOSDAQ
A003100,선광,KOSDAQ
A003310,대주산업,KOSDAQ
A003380,하림지주,KOSDAQ
A003800,에이스침대,KOSDAQ
A004590,한국가구,KOSDAQ
A004650,창해에탄올,KOSDAQ
A004780,대륙제관,KOSDAQ
A005160,동국산업,KOSDAQ
A005290,동진쎄미켐,KOSDAQ
A005670,푸드웰,KOSDAQ
A005710,대원산업,KOSDAQ
A005860,한일사료,KOSDAQ
A005990,매일홀딩스,KOSDAQ
A006050,국영지앤엠,KOSDAQ
A006140,피제이전자,KOSDAQ
A006580,대양제지,KOSDAQ
A006620,동구바이오제약,KOSDAQ
A006730,서부T&D,KOSDAQ
A006910,보성파워텍,KOSDAQ
A006920,모헨즈,KOSDAQ
A007330,푸른저축은행,KOSDAQ
A007370,진양제약,KOSDAQ
A007390,네이처셀,KOSDAQ
A007530,영신금속,KOSDAQ
A007680,대원,KOSDAQ
A007720,대명소노시즌,KOSDAQ
A007770,한일화학,KOSDAQ
A007820,에스엠코어,KOSDAQ
A008290,원풍물산,KOSDAQ
A008370,원풍,KOSDAQ
A008470,부스타,KOSDAQ
A008830,대동기어,KOSDAQ
A009300,삼아제약,KOSDAQ
A009520,포스코엠텍,KOSDAQ
A009620,삼보산업,KOSDAQ
A009730,코센,KOSDAQ
A009780,엠에스씨,KOSDAQ
A010170,대한광통신,KOSDAQ
A010240,흥국,KOSDAQ
A010280,쌍용정보통신,KOSDAQ
A010470,오리콤,KOSDAQ
A011040,경동제약,KOSDAQ
A011080,형지I&C,KOSDAQ
A011320,유니크,KOSDAQ
A011370,서한,KOSDAQ
A011560,세보엠이씨,KOSDAQ
A012340,뉴인텍,KOSDAQ
A012620,원일특강,KOSDAQ
A012700,리드코프,KOSDAQ
A012790,신일제약,KOSDAQ
A012860,모베이스전자,KOSDAQ
A013030,하이록코리아,KOSDAQ
A013120,동원개발,KOSDAQ
A013310,아진산업,KOSDAQ
A013720,CBI,KOSDAQ
A013810,스페코,KOSDAQ
A013990,아가방컴퍼니,KOSDAQ
A014100,메디앙스,KOSDAQ
A014190,원익큐브,KOSDAQ
A014200,광림,KOSDAQ
A014470,부방,KOSDAQ
A014570,고려제약,KOSDAQ
A014620,성광벤드,KOSDAQ
A014940,오리엔탈정공,KOSDAQ
A014970,삼륭물산,KOSDAQ
A015710,코콤,KOSDAQ
A015750,성우하이텍,KOSDAQ
A016100,리더스코스메틱,KOSDAQ
A016250,SGC이테크건설,KOSDAQ
A016600,큐캐피탈,KOSDAQ
A016670,인피니티엔티,KOSDAQ
A016790,현대사료,KOSDAQ
A016920,카스,KOSDAQ
A017000,신원종합개발,KOSDAQ
A017250,인터엠,KOSDAQ
A017480,삼현철강,KOSDAQ
A017510,세명전기,KOSDAQ
A017650,대림제지,KOSDAQ
A017890,한국알콜,KOSDAQ
A018000,유니슨,KOSDAQ
A018120,진로발효,KOSDAQ
A018290,브이티지엠피,KOSDAQ
A018310,삼목에스폼,KOSDAQ
A018620,우진비앤지,KOSDAQ
A018680,서울제약,KOSDAQ
A018700,바른손,KOSDAQ
A019010,베뉴지,KOSDAQ
A019210,와이지-원,KOSDAQ
A019540,일지테크,KOSDAQ
A019550,SBI인베스트먼트,KOSDAQ
A019570,리더스 기술투자,KOSDAQ
A019590,엠벤처투자,KOSDAQ
A019660,글로본,KOSDAQ
A019770,서연탑메탈,KOSDAQ
A019990,에너토크,KOSDAQ
A020180,대신정보통신,KOSDAQ
A020400,대동금속,KOSDAQ
A020710,시공테크,KOSDAQ
A021040,대호특수강,KOSDAQ
A021045,대호특수강우,KOSDAQ
A021080,에이티넘인베스트,KOSDAQ
A021320,KCC건설,KOSDAQ
A021650,한국큐빅,KOSDAQ
A021880,메이슨캐피탈,KOSDAQ
A022100,포스코 ICT,KOSDAQ
A022220,정산애강,KOSDAQ
A023160,태광,KOSDAQ
A023410,유진기업,KOSDAQ
A023440,제일제강,KOSDAQ
A023460,CNH,KOSDAQ
A023600,삼보판지,KOSDAQ
A023760,한국캐피탈,KOSDAQ
A023770,플레이위드,KOSDAQ
A023790,동일철강,KOSDAQ
A023900,풍국주정,KOSDAQ
A023910,대한약품,KOSDAQ
A024060,흥구석유,KOSDAQ
A024120,KB오토시스,KOSDAQ
A024740,한일단조,KOSDAQ
A024800,유성티엔에스,KOSDAQ
A024810,이화전기,KOSDAQ
A024830,세원물산,KOSDAQ
A024840,KBI메탈,KOSDAQ
A024850,피에스엠씨,KOSDAQ
A024880,케이피에프,KOSDAQ
A024910,경창산업,KOSDAQ
A024940,PN풍년,KOSDAQ
A024950,삼천리자전거,KOSDAQ
A025320,시노펙스,KOSDAQ
A025440,대성엘텍,KOSDAQ
A025550,한국선재,KOSDAQ
A025770,한국정보통신,KOSDAQ
A025870,신라에스지,KOSDAQ
A025880,케이씨피드,KOSDAQ
A025900,동화기업,KOSDAQ
A025950,동신건설,KOSDAQ
A025980,아난티,KOSDAQ
A026040,제이에스티나,KOSDAQ
A026150,특수건설,KOSDAQ
A026910,광진실업,KOSDAQ
A027040,서울전자통신,KOSDAQ
A027050,코리아나,KOSDAQ
A027360,아주IB투자,KOSDAQ
A027580,상보,KOSDAQ
A027710,팜스토리,KOSDAQ
A027830,대성창투,KOSDAQ
A028080,휴맥스홀딩스,KOSDAQ
A028300,에이치엘비,KOSDAQ
A029480,릭스솔루션,KOSDAQ
A029960,코엔텍,KOSDAQ
A030190,NICE평가정보,KOSDAQ
A030350,드래곤플라이,KOSDAQ
A030520,한글과컴퓨터,KOSDAQ
A030530,원익홀딩스,KOSDAQ
A030960,양지사,KOSDAQ
A031310,아이즈비전,KOSDAQ
A031330,에스에이엠티,KOSDAQ
A031390,녹십자셀,KOSDAQ
A031510,오스템,KOSDAQ
A031860,엔에스엔,KOSDAQ
A031980,피에스케이홀딩스,KOSDAQ
A032080,아즈텍WB,KOSDAQ
A032190,다우데이타,KOSDAQ
A032280,삼일,KOSDAQ
A032300,한국파마,KOSDAQ
A032500,케이엠더블유,KOSDAQ
A032540,TJ미디어,KOSDAQ
A032580,피델릭스,KOSDAQ
A032620,유비케어,KOSDAQ
A032680,소프트센,KOSDAQ
A032685,소프트센우,KOSDAQ
A032750,삼진,KOSDAQ
A032790,엠젠플러스,KOSDAQ
A032800,판타지오,KOSDAQ
A032820,우리기술,KOSDAQ
A032850,비트컴퓨터,KOSDAQ
A032860,휴먼엔,KOSDAQ
A032940,원익,KOSDAQ
A032960,동일기연,KOSDAQ
A032980,바이온,KOSDAQ
A033050,제이엠아이,KOSDAQ
A033100,제룡전기,KOSDAQ
A033110,코너스톤네트웍스,KOSDAQ
A033130,디지틀조선,KOSDAQ
A033160,엠케이전자,KOSDAQ
A033170,시그네틱스,KOSDAQ
A033200,모아텍,KOSDAQ
A033230,인성정보,KOSDAQ
A033290,코웰패션,KOSDAQ
A033310,엠투엔,KOSDAQ
A033320,제이씨현시스템,KOSDAQ
A033340,좋은사람들,KOSDAQ
A033500,동성화인텍,KOSDAQ
A033540,파라텍,KOSDAQ
A033560,블루콤,KOSDAQ
A033640,네패스,KOSDAQ
A033790,스카이문스테크놀로지,KOSDAQ
A033830,티비씨,KOSDAQ
A034230,파라다이스,KOSDAQ
A034810,해성산업,KOSDAQ
A034940,조아제약,KOSDAQ
A034950,한국기업평가,KOSDAQ
A035080,인터파크,KOSDAQ
A035200,프럼파스트,KOSDAQ
A035290,골드앤에스,KOSDAQ
A035460,기산텔레콤,KOSDAQ
A035600,KG이니시스,KOSDAQ
A035610,솔본,KOSDAQ
A035620,바른손이앤에이,KOSDAQ
A035760,CJ ENM,KOSDAQ
A035810,이지홀딩스,KOSDAQ
A035890,서희건설,KOSDAQ
A035900,JYP Ent.,KOSDAQ
A036000,예림당,KOSDAQ
A036010,아비코전자,KOSDAQ
A036030,케이티알파,KOSDAQ
A036090,위지트,KOSDAQ
A036120,SCI평가정보,KOSDAQ
A036170,클라우드에어,KOSDAQ
A036180,지더블유바이텍,KOSDAQ
A036190,금화피에스시,KOSDAQ
A036200,유니셈,KOSDAQ
A036480,대성미생물,KOSDAQ
A036490,SK머티리얼즈,KOSDAQ
A036540,SFA반도체,KOSDAQ
A036560,영풍정밀,KOSDAQ
A036620,감성코퍼레이션,KOSDAQ
A036630,세종텔레콤,KOSDAQ
A036640,HRS,KOSDAQ
A036670,KCI,KOSDAQ
A036690,코맥스,KOSDAQ
A036710,심텍홀딩스,KOSDAQ
A036800,나이스정보통신,KOSDAQ
A036810,에프에스티,KOSDAQ
A036830,솔브레인홀딩스,KOSDAQ
A036890,진성티이씨,KOSDAQ
A036930,주성엔지니어링,KOSDAQ
A037030,파워넷,KOSDAQ
A037070,파세코,KOSDAQ
A037230,한국팩키지,KOSDAQ
A037330,인지디스플레,KOSDAQ
A037350,성도이엔지,KOSDAQ
A037370,EG,KOSDAQ
A037400,우리조명,KOSDAQ
A037440,희림,KOSDAQ
A037460,삼지전자,KOSDAQ
A037760,쎄니트,KOSDAQ
A037950,엘컴텍,KOSDAQ
A038010,제일테크노스,KOSDAQ
A038060,루멘스,KOSDAQ
A038070,서린바이오,KOSDAQ
A038110,에코플라스틱,KOSDAQ
A038290,마크로젠,KOSDAQ
A038340,UCI,KOSDAQ
A038390,레드캡투어,KOSDAQ
A038460,바이오스마트,KOSDAQ
A038500,삼표시멘트,KOSDAQ
A038530,골드퍼시픽,KOSDAQ
A038540,상상인,KOSDAQ
A038620,위즈코프,KOSDAQ
A038680,에스넷,KOSDAQ
A038870,에코바이오,KOSDAQ
A038880,아이에이,KOSDAQ
A038950,파인디지털,KOSDAQ
A039010,현대에이치티,KOSDAQ
A039020,이건홀딩스,KOSDAQ
A039030,이오테크닉스,KOSDAQ
A039200,오스코텍,KOSDAQ
A039230,에이아이비트,KOSDAQ
A039240,경남스틸,KOSDAQ
A039290,인포뱅크,KOSDAQ
A039310,세중,KOSDAQ
A039340,한국경제TV,KOSDAQ
A039420,케이엘넷,KOSDAQ
A039440,에스티아이,KOSDAQ
A039560,다산네트웍스,KOSDAQ
A039610,화성밸브,KOSDAQ
A039670,스포츠서울,KOSDAQ
A039740,한국정보공학,KOSDAQ
A039830,오로라,KOSDAQ
A039840,디오,KOSDAQ
A039860,나노엔텍,KOSDAQ
A039980,리노스,KOSDAQ
A040160,누리플렉스,KOSDAQ
A040300,YTN,KOSDAQ
A040350,큐로컴,KOSDAQ
A040420,정상제이엘에스,KOSDAQ
A040610,SG&G,KOSDAQ
A040910,아이씨디,KOSDAQ
A041020,폴라리스오피스,KOSDAQ
A041140,넥슨지티,KOSDAQ
A041190,우리기술투자,KOSDAQ
A041440,현대에버다임,KOSDAQ
A041460,한국전자인증,KOSDAQ
A041510,에스엠,KOSDAQ
A041520,이라이콤,KOSDAQ
A041590,젬백스지오,KOSDAQ
A041830,인바디,KOSDAQ
A041910,에스텍파마,KOSDAQ
A041920,메디아나,KOSDAQ
A041930,동아화성,KOSDAQ
A041960,코미팜,KOSDAQ
A042000,카페24,KOSDAQ
A042040,케이피엠테크,KOSDAQ
A042110,에스씨디,KOSDAQ
A042370,비츠로테크,KOSDAQ
A042420,네오위즈홀딩스,KOSDAQ
A042500,링네트,KOSDAQ
A042510,라온시큐어,KOSDAQ
A042520,한스바이오메드,KOSDAQ
A042600,새로닉스,KOSDAQ
A042940,상지카일룸,KOSDAQ
A043090,큐브앤컴퍼니,KOSDAQ
A043100,솔고바이오,KOSDAQ
A043150,바텍,KOSDAQ
A043200,파루,KOSDAQ
A043220,에이치엘비파워,KOSDAQ
A043260,성호전자,KOSDAQ
A043340,에쎈테크,KOSDAQ
A043360,디지아이,KOSDAQ
A043370,피에이치에이,KOSDAQ
A043590,크로바하이텍,KOSDAQ
A043610,지니뮤직,KOSDAQ
A043650,국순당,KOSDAQ
A043710,서울리거,KOSDAQ
A043910,자연과환경,KOSDAQ
A044060,조광ILI,KOSDAQ
A044180,KD,KOSDAQ
A044340,위닉스,KOSDAQ
A044480,블루베리 NFT,KOSDAQ
A044490,태웅,KOSDAQ
A044780,에이치케이,KOSDAQ
A044960,이글벳,KOSDAQ
A045060,오공,KOSDAQ
A045100,한양이엔지,KOSDAQ
A045300,성우테크론,KOSDAQ
A045340,토탈소프트,KOSDAQ
A045390,대아티아이,KOSDAQ
A045510,정원엔시스,KOSDAQ
A045520,크린앤사이언스,KOSDAQ
A045660,에이텍,KOSDAQ
A045890,GV,KOSDAQ
A045970,코아시아,KOSDAQ
A046070,코다코,KOSDAQ
A046110,한일네트웍스,KOSDAQ
A046120,오르비텍,KOSDAQ
A046140,SBS콘텐츠허브,KOSDAQ
A046210,파나진,KOSDAQ
A046310,백금T&A,KOSDAQ
A046390,삼화네트웍스,KOSDAQ
A046440,KG모빌리언스,KOSDAQ
A046890,서울반도체,KOSDAQ
A046940,우원개발,KOSDAQ
A046970,우리로,KOSDAQ
A047080,한빛소프트,KOSDAQ
A047310,파워로직스,KOSDAQ
A047560,이스트소프트,KOSDAQ
A047770,코데즈컴바인,KOSDAQ
A047820,초록뱀미디어,KOSDAQ
A047920,에이치엘비제약,KOSDAQ
A048260,오스템임플란트,KOSDAQ
A048410,현대바이오,KOSDAQ
A048430,유라테크,KOSDAQ
A048470,대동스틸,KOSDAQ
A048530,인트론바이오,KOSDAQ
A048550,SM C&C,KOSDAQ
A048770,TPC,KOSDAQ
A048830,엔피케이,KOSDAQ
A048870,시너지이노베이션,KOSDAQ
A048910,대원미디어,KOSDAQ
A049070,인탑스,KOSDAQ
A049080,기가레인,KOSDAQ
A049120,파인디앤씨,KOSDAQ
A049180,셀루메드,KOSDAQ
A049430,코메론,KOSDAQ
A049470,SGA,KOSDAQ
A049480,오픈베이스,KOSDAQ
A049520,유아이엘,KOSDAQ
A049550,잉크테크,KOSDAQ
A049630,재영솔루텍,KOSDAQ
A049720,고려신용정보,KOSDAQ
A049830,승일,KOSDAQ
A049950,미래컴퍼니,KOSDAQ
A049960,쎌바이오텍,KOSDAQ
A050090,휘닉스소재,KOSDAQ
A050110,캠시스,KOSDAQ
A050120,ES큐브,KOSDAQ
A050320,아래스,KOSDAQ
A050540,한국코퍼레이션,KOSDAQ
A050760,에스폴리텍,KOSDAQ
A050860,아세아텍,KOSDAQ
A050890,쏠리드,KOSDAQ
A050960,수산아이앤티,KOSDAQ
A051160,지어소프트,KOSDAQ
A051360,토비스,KOSDAQ
A051370,인터플렉스,KOSDAQ
A051380,피씨디렉트,KOSDAQ
A051390,YW,KOSDAQ
A051490,나라엠앤디,KOSDAQ
A051500,CJ프레시웨이,KOSDAQ
A051780,큐로홀딩스,KOSDAQ
A051980,중앙디앤엠,KOSDAQ
A052020,에스티큐브,KOSDAQ
A052190,세영디앤씨,KOSDAQ
A052220,iMBC,KOSDAQ
A052260,현대바이오랜드,KOSDAQ
A052300,초록뱀컴퍼니,KOSDAQ
A052330,코텍,KOSDAQ
A052400,코나아이,KOSDAQ
A052420,오성첨단소재,KOSDAQ
A052460,아이크래프트,KOSDAQ
A052600,한네트,KOSDAQ
A052670,제일바이오,KOSDAQ
A052710,아모텍,KOSDAQ
A052770,아이톡시,KOSDAQ
A052790,액토즈소프트,KOSDAQ
A052860,아이앤씨,KOSDAQ
A052900,KMH하이텍,KOSDAQ
A053030,바이넥스,KOSDAQ
A053050,지에스이,KOSDAQ
A053060,세동,KOSDAQ
A053080,원방테크,KOSDAQ
A053110,소리바다,KOSDAQ
A053160,프리엠스,KOSDAQ
A053260,금강철강,KOSDAQ
A053270,구영테크,KOSDAQ
A053280,예스24,KOSDAQ
A053290,NE능률,KOSDAQ
A053300,한국정보인증,KOSDAQ
A053350,이니텍,KOSDAQ
A053450,세코닉스,KOSDAQ
A053580,웹케시,KOSDAQ
A053590,한국테크놀로지,KOSDAQ
A053610,프로텍,KOSDAQ
A053620,태양,KOSDAQ
A053660,현진소재,KOSDAQ
A053700,삼보모터스,KOSDAQ
A053800,안랩,KOSDAQ
A053950,경남제약,KOSDAQ
A053980,오상자이엘,KOSDAQ
A054040,한국컴퓨터,KOSDAQ
A054050,농우바이오,KOSDAQ
A054090,삼진엘앤디,KOSDAQ
A054180,메디콕스,KOSDAQ
A054210,이랜텍,KOSDAQ
A054220,비츠로시스,KOSDAQ
A054300,팬스타엔터프라이즈,KOSDAQ
A054410,케이피티유,KOSDAQ
A054450,텔레칩스,KOSDAQ
A054540,삼영엠텍,KOSDAQ
A054620,APS홀딩스,KOSDAQ
A054630,에이디칩스,KOSDAQ
A054670,대한뉴팜,KOSDAQ
A054780,키이스트,KOSDAQ
A054800,아이디스홀딩스,KOSDAQ
A054920,한컴위드,KOSDAQ
A054930,유신,KOSDAQ
A054940,엑사이엔씨,KOSDAQ
A054950,제이브이엠,KOSDAQ
A056000,COWON,KOSDAQ
A056080,유진로봇,KOSDAQ
A056090,유앤아이,KOSDAQ
A056190,에스에프에이,KOSDAQ
A056360,코위버,KOSDAQ
A056700,신화인터텍,KOSDAQ
A056730,CNT85,KOSDAQ
A057030,YBM넷,KOSDAQ
A057540,옴니시스템,KOSDAQ
A057680,티사이언티픽,KOSDAQ
A057880,피에이치씨,KOSDAQ
A058110,멕아이씨에스,KOSDAQ
A058220,아리온,KOSDAQ
A058400,KNN,KOSDAQ
A058420,제이웨이,KOSDAQ
A058450,일야,KOSDAQ
A058470,리노공업,KOSDAQ
A058530,슈펙스비앤피,KOSDAQ
A058610,에스피지,KOSDAQ
A058630,엠게임,KOSDAQ
A058820,CMG제약,KOSDAQ
A058970,엠로,KOSDAQ
A059090,미코,KOSDAQ
A059100,아이컴포넌트,KOSDAQ
A059120,아진엑스텍,KOSDAQ
A059210,메타바이오메드,KOSDAQ
A059270,해성티피씨,KOSDAQ
A060150,인선이엔티,KOSDAQ
A060230,얍엑스,KOSDAQ
A060240,룽투코리아,KOSDAQ
A060250,NHN한국사이버결제,KOSDAQ
A060260,뉴보텍,KOSDAQ
A060280,큐렉소,KOSDAQ
A060300,레드로버,KOSDAQ
A060310,3S,KOSDAQ
A060370,KT서브마린,KOSDAQ
A060380,동양에스텍,KOSDAQ
A060480,국일신동,KOSDAQ
A060540,에스에이티,KOSDAQ
A060560,홈센타홀딩스,KOSDAQ
A060570,드림어스컴퍼니,KOSDAQ
A060590,씨티씨바이오,KOSDAQ
A060720,KH바텍,KOSDAQ
A060850,영림원소프트랩,KOSDAQ
A060900,대한그린파워,KOSDAQ
A061040,알에프텍,KOSDAQ
A061250,화일약품,KOSDAQ
A061970,엘비세미콘,KOSDAQ
A062860,티엘아이,KOSDAQ
A062970,피피아이,KOSDAQ
A063080,게임빌,KOSDAQ
A063170,서울옥션,KOSDAQ
A063440,SM Life Design,KOSDAQ
A063570,한국전자금융,KOSDAQ
A063760,이엘피,KOSDAQ
A064090,에프앤리퍼블릭,KOSDAQ
A064240,홈캐스트,KOSDAQ
A064260,다날,KOSDAQ
A064290,인텍플러스,KOSDAQ
A064480,브리지텍,KOSDAQ
A064510,에코마이스터,KOSDAQ
A064520,바른전자,KOSDAQ
A064550,바이오니아,KOSDAQ
A064760,티씨케이,KOSDAQ
A064800,젬백스링크,KOSDAQ
A064820,케이프,KOSDAQ
A064850,에프앤가이드,KOSDAQ
A065060,지엔코,KOSDAQ
A065130,탑엔지니어링,KOSDAQ
A065150,엠피대산,KOSDAQ
A065170,넥스트BT,KOSDAQ
A065350,신성델타테크,KOSDAQ
A065370,위세아이텍,KOSDAQ
A065420,에스아이리소스,KOSDAQ
A065440,이루온,KOSDAQ
A065450,빅텍,KOSDAQ
A065500,오리엔트정공,KOSDAQ
A065510,휴비츠,KOSDAQ
A065530,와이어블,KOSDAQ
A065560,녹원씨엔아이,KOSDAQ
A065570,삼영이엔씨,KOSDAQ
A065650,메디프론,KOSDAQ
A065660,안트로젠,KOSDAQ
A065680,우주일렉트로,KOSDAQ
A065690,파커스,KOSDAQ
A065710,서호전기,KOSDAQ
A065770,CS,KOSDAQ
A065950,웰크론,KOSDAQ
A066110,한프,KOSDAQ
A066130,하츠,KOSDAQ
A066310,큐에스아이,KOSDAQ
A066360,체리부로,KOSDAQ
A066410,버킷스튜디오,KOSDAQ
A066430,와이오엠,KOSDAQ
A066590,우수AMS,KOSDAQ
A066620,국보디자인,KOSDAQ
A066670,디스플레이텍,KOSDAQ
A066700,테라젠이텍스,KOSDAQ
A066790,씨씨에스,KOSDAQ
A066900,디에이피,KOSDAQ
A066910,손오공,KOSDAQ
A066970,엘앤에프,KOSDAQ
A066980,이엔코퍼레이션,KOSDAQ
A067000,조이시티,KOSDAQ
A067010,이씨에스,KOSDAQ
A067080,대화제약,KOSDAQ
A067160,아프리카TV,KOSDAQ
A067170,오텍,KOSDAQ
A067280,멀티캠퍼스,KOSDAQ
A067290,JW신약,KOSDAQ
A067310,하나마이크론,KOSDAQ
A067390,아스트,KOSDAQ
A067570,엔브이에이치코리아,KOSDAQ
A067630,에이치엘비생명과학,KOSDAQ
A067730,로지시스,KOSDAQ
A067770,세진티에스,KOSDAQ
A067900,와이엔텍,KOSDAQ
A067920,이글루시큐리티,KOSDAQ
A067990,도이치모터스,KOSDAQ
A068050,팬엔터테인먼트,KOSDAQ
A068240,다원시스,KOSDAQ
A068330,일신바이오,KOSDAQ
A068760,셀트리온제약,KOSDAQ
A068790,DMS,KOSDAQ
A068930,디지털대성,KOSDAQ
A068940,아이씨케이,KOSDAQ
A069080,웹젠,KOSDAQ
A069110,코스온,KOSDAQ
A069140,누리플랜,KOSDAQ
A069330,유아이디,KOSDAQ
A069410,엔텔스,KOSDAQ
A069510,에스텍,KOSDAQ
A069540,라이트론,KOSDAQ
A069920,아이에스이커머스,KOSDAQ
A070300,엑스큐어,KOSDAQ
A070590,한솔인티큐브,KOSDAQ
A071200,인피니트헬스케어,KOSDAQ
A071280,로체시스템즈,KOSDAQ
A071460,위니아딤채,KOSDAQ
A071670,에이테크솔루션,KOSDAQ
A071850,캐스텍코리아,KOSDAQ
A072020,중앙백신,KOSDAQ
A072470,우리산업홀딩스,KOSDAQ
A072520,제넨바이오,KOSDAQ
A072770,율호,KOSDAQ
A072870,메가스터디,KOSDAQ
A072950,빛샘전자,KOSDAQ
A072990,에이치시티,KOSDAQ
A073010,케이에스피,KOSDAQ
A073110,엘엠에스,KOSDAQ
A073190,듀오백,KOSDAQ
A073490,이노와이어리스,KOSDAQ
A073540,에프알텍,KOSDAQ
A073560,우리손에프앤지,KOSDAQ
A073570,WI,KOSDAQ
A073640,테라사이언스,KOSDAQ
A074430,아미노로직스,KOSDAQ
A074600,원익QnC,KOSDAQ
A075130,플랜티넷,KOSDAQ
A075970,동국알앤에스,KOSDAQ
A076080,웰크론한텍,KOSDAQ
A076610,해성옵틱스,KOSDAQ
A077360,덕산하이메탈,KOSDAQ
A078020,이베스트투자증권,KOSDAQ
A078070,유비쿼스홀딩스,KOSDAQ
A078130,국일제지,KOSDAQ
A078140,대봉엘에스,KOSDAQ
A078150,HB테크놀러지,KOSDAQ
A078160,메디포스트,KOSDAQ
A078340,컴투스,KOSDAQ
A078350,한양디지텍,KOSDAQ
A078590,OQP,KOSDAQ
A078600,대주전자재료,KOSDAQ
A078650,지나인제약,KOSDAQ
A078860,아이오케이,KOSDAQ
A078890,가온미디어,KOSDAQ
A078940,코드네이처,KOSDAQ
A079000,와토스코리아,KOSDAQ
A079170,한창산업,KOSDAQ
A079190,EMW,KOSDAQ
A079370,제우스,KOSDAQ
A079650,서산,KOSDAQ
A079810,디이엔티,KOSDAQ
A079940,가비아,KOSDAQ
A079950,인베니아,KOSDAQ
A079960,동양이엔피,KOSDAQ
A079970,투비소프트,KOSDAQ
A080000,에스엔유,KOSDAQ
A080010,이상네트웍스,KOSDAQ
A080160,모두투어,KOSDAQ
A080220,제주반도체,KOSDAQ
A080420,모다이노칩,KOSDAQ
A080470,성창오토텍,KOSDAQ
A080520,오디텍,KOSDAQ
A080530,코디,KOSDAQ
A080580,오킨스전자,KOSDAQ
A080720,한국유니온제약,KOSDAQ
A081150,티플랙스,KOSDAQ
A081580,성우전자,KOSDAQ
A082210,옵트론텍,KOSDAQ
A082270,젬백스,KOSDAQ
A082660,코스나인,KOSDAQ
A082800,비보존 헬스케어,KOSDAQ
A082850,우리바이오,KOSDAQ
A082920,비츠로셀,KOSDAQ
A083310,엘오티베큠,KOSDAQ
A083450,GST,KOSDAQ
A083470,이엠앤아이,KOSDAQ
A083500,에프엔에스테크,KOSDAQ
A083550,케이엠,KOSDAQ
A083640,인콘,KOSDAQ
A083650,비에이치아이,KOSDAQ
A083660,CSA 코스믹,KOSDAQ
A083790,크리스탈지노믹스,KOSDAQ
A083930,아바코,KOSDAQ
A084110,휴온스글로벌,KOSDAQ
A084180,수성이노베이션,KOSDAQ
A084370,유진테크,KOSDAQ
A084650,랩지노믹스,KOSDAQ
A084730,팅크웨어,KOSDAQ
A084850,아이티엠반도체,KOSDAQ
A084990,헬릭스미스,KOSDAQ
A085370,루트로닉,KOSDAQ
A08537M,루트로닉3우C,KOSDAQ
A085660,차바이오텍,KOSDAQ
A085670,뉴프렉스,KOSDAQ
A085810,알티캐스트,KOSDAQ
A085910,네오티스,KOSDAQ
A086040,바이오톡스텍,KOSDAQ
A086060,진바이오텍,KOSDAQ
A086390,유니테스트,KOSDAQ
A086450,동국제약,KOSDAQ
A086520,에코프로,KOSDAQ
A086670,비엠티,KOSDAQ
A086710,선진뷰티사이언스,KOSDAQ
A086820,바이오솔루션,KOSDAQ
A086890,이수앱지스,KOSDAQ
A086900,메디톡스,KOSDAQ
A086960,한컴MDS,KOSDAQ
A086980,쇼박스,KOSDAQ
A087010,펩트론,KOSDAQ
A087260,모바일어플라이언스,KOSDAQ
A087600,픽셀플러스,KOSDAQ
A087730,이엠네트웍스,KOSDAQ
A088130,동아엘텍,KOSDAQ
A088290,이원컴포텍,KOSDAQ
A088390,이녹스,KOSDAQ
A088800,에이스테크,KOSDAQ
A088910,동우팜투테이블,KOSDAQ
A089010,켐트로닉스,KOSDAQ
A089030,테크윙,KOSDAQ
A089140,넥스턴바이오,KOSDAQ
A089150,케이씨티,KOSDAQ
A089230,THE E&M,KOSDAQ
A089530,에이티세미콘,KOSDAQ
A089600,나스미디어,KOSDAQ
A089790,제이티,KOSDAQ
A089850,유비벨록스,KOSDAQ
A089890,코세스,KOSDAQ
A089970,에이피티씨,KOSDAQ
A089980,상아프론테크,KOSDAQ
A090150,광진윈텍,KOSDAQ
A090360,로보스타,KOSDAQ
A090410,덕신하우징,KOSDAQ
A090460,비에이치,KOSDAQ
A090470,제이스텍,KOSDAQ
A090710,휴림로봇,KOSDAQ
A090740,연이비앤티,KOSDAQ
A090850,현대이지웰,KOSDAQ
A091120,이엠텍,KOSDAQ
A091340,S&K폴리텍,KOSDAQ
A091440,텔레필드,KOSDAQ
A091580,상신이디피,KOSDAQ
A091590,남화토건,KOSDAQ
A091700,파트론,KOSDAQ
A091970,나노캠텍,KOSDAQ
A091990,셀트리온헬스케어,KOSDAQ
A092040,아미코젠,KOSDAQ
A092070,디엔에프,KOSDAQ
A092130,이크레더블,KOSDAQ
A092190,서울바이오시스,KOSDAQ
A092300,현우산업,KOSDAQ
A092460,한라IMS,KOSDAQ
A092600,앤씨앤,KOSDAQ
A092730,네오팜,KOSDAQ
A092870,엑시콘,KOSDAQ
A093190,빅솔론,KOSDAQ
A093320,케이아이엔엑스,KOSDAQ
A093380,풍강,KOSDAQ
A093520,매커스,KOSDAQ
A093640,다믈멀티미디어,KOSDAQ
A093920,서원인텍,KOSDAQ
A094170,동운아나텍,KOSDAQ
A094360,칩스앤미디어,KOSDAQ
A094480,갤럭시아머니트리,KOSDAQ
A094820,일진파워,KOSDAQ
A094840,슈프리마에이치큐,KOSDAQ
A094850,참좋은여행,KOSDAQ
A094860,네오리진,KOSDAQ
A094940,푸른기술,KOSDAQ
A094970,제이엠티,KOSDAQ
A095190,이엠코리아,KOSDAQ
A095270,웨이브일렉트로,KOSDAQ
A095340,ISC,KOSDAQ
A095500,미래나노텍,KOSDAQ
A095610,테스,KOSDAQ
A095660,네오위즈,KOSDAQ
A095700,제넥신,KOSDAQ
A095910,에스에너지,KOSDAQ
A096040,이트론,KOSDAQ
A096240,청담러닝,KOSDAQ
A096350,대창솔루션,KOSDAQ
A096530,씨젠,KOSDAQ
A096610,알에프세미,KOSDAQ
A096630,에스코넥,KOSDAQ
A096640,멜파스,KOSDAQ
A096690,에이루트,KOSDAQ
A096870,엘디티,KOSDAQ
A097780,에스맥,KOSDAQ
A097800,윈팩,KOSDAQ
A097870,효성오앤비,KOSDAQ
A098120,마이크로컨텍솔,KOSDAQ
A098460,고영,KOSDAQ
A098660,에스티오,KOSDAQ
A099190,아이센스,KOSDAQ
A099220,SDN,KOSDAQ
A099320,쎄트렉아이,KOSDAQ
A099390,브레인즈컴퍼니,KOSDAQ
A099410,동방선기,KOSDAQ
A099430,바이오플러스,KOSDAQ
A099440,스맥,KOSDAQ
A099520,ITX-AI,KOSDAQ
A099750,이지케어텍,KOSDAQ
A100030,모바일리더,KOSDAQ
A100090,삼강엠앤티,KOSDAQ
A100120,뷰웍스,KOSDAQ
A100130,동국S&C,KOSDAQ
A100590,머큐리,KOSDAQ
A100660,서암기계공업,KOSDAQ
A100700,세운메디칼,KOSDAQ
A100790,미래에셋벤처투자,KOSDAQ
A101000,상상인인더스트리,KOSDAQ
A101160,월덱스,KOSDAQ
A101170,우림기계,KOSDAQ
A101240,씨큐브,KOSDAQ
A101330,모베이스,KOSDAQ
A101360,이엔드디,KOSDAQ
A101390,아이엠,KOSDAQ
A101400,엔시트론,KOSDAQ
A101490,에스앤에스텍,KOSDAQ
A101670,코리아에스이,KOSDAQ
A101680,한국정밀기계,KOSDAQ
A101730,위메이드맥스,KOSDAQ
A101930,인화정공,KOSDAQ
A102120,어보브반도체,KOSDAQ
A102710,이엔에프테크놀로지,KOSDAQ
A102940,코오롱생명과학,KOSDAQ
A103230,에스앤더블류,KOSDAQ
A103840,우양,KOSDAQ
A104040,대성파인텍,KOSDAQ
A104200,NHN벅스,KOSDAQ
A104460,디와이피엔에프,KOSDAQ
A104480,티케이케미칼,KOSDAQ
A104540,코렌텍,KOSDAQ
A104620,노랑풍선,KOSDAQ
A104830,원익머트리얼즈,KOSDAQ
A105330,케이엔더블유,KOSDAQ
A105550,트루윈,KOSDAQ
A105740,디케이락,KOSDAQ
A106080,하이소닉,KOSDAQ
A106190,하이텍팜,KOSDAQ
A106240,파인테크닉스,KOSDAQ
A106520,디지탈옵틱,KOSDAQ
A108230,톱텍,KOSDAQ
A108320,LX세미콘,KOSDAQ
A108380,대양전기공업,KOSDAQ
A108490,로보티즈,KOSDAQ
A108860,셀바스AI,KOSDAQ
A109080,옵티시스,KOSDAQ
A109610,에스와이,KOSDAQ
A109740,디에스케이,KOSDAQ
A109820,진매트릭스,KOSDAQ
A109860,동일금속,KOSDAQ
A109960,에이프로젠 H&G,KOSDAQ
A110020,전진바이오팜,KOSDAQ
A110790,크리스에프앤씨,KOSDAQ
A110990,디아이티,KOSDAQ
A111710,남화산업,KOSDAQ
A111870,KH 일렉트론,KOSDAQ
A112040,위메이드,KOSDAQ
A113810,디젠스,KOSDAQ
A114120,크루셜텍,KOSDAQ
A114190,강원,KOSDAQ
A114450,KPX생명과학,KOSDAQ
A114570,지스마트글로벌,KOSDAQ
A114630,폴라리스우노,KOSDAQ
A114810,아이원스,KOSDAQ
A115160,휴맥스,KOSDAQ
A115180,큐리언트,KOSDAQ
A115310,인포바인,KOSDAQ
A115440,우리넷,KOSDAQ
A115450,지트리비앤티,KOSDAQ
A115480,씨유메디칼,KOSDAQ
A115500,케이씨에스,KOSDAQ
A115530,씨엔플러스,KOSDAQ
A115570,스타플렉스,KOSDAQ
A115610,이미지스,KOSDAQ
A115960,연우,KOSDAQ
A117670,알파홀딩스,KOSDAQ
A117730,티로보틱스,KOSDAQ
A118990,모트렉스,KOSDAQ
A119500,포메탈,KOSDAQ
A119610,인터로조,KOSDAQ
A119830,아이텍,KOSDAQ
A119850,지엔씨에너지,KOSDAQ
A119860,다나와,KOSDAQ
A120240,대정화금,KOSDAQ
A121440,골프존뉴딘홀딩스,KOSDAQ
A121600,나노신소재,KOSDAQ
A121800,비덴트,KOSDAQ
A121850,코이즈,KOSDAQ
A121890,에스디시스템,KOSDAQ
A122310,제노레이,KOSDAQ
A122350,삼기,KOSDAQ
A122450,KMH,KOSDAQ
A122640,예스티,KOSDAQ
A122690,서진오토모티브,KOSDAQ
A122870,와이지엔터테인먼트,KOSDAQ
A122990,와이솔,KOSDAQ
A123010,폴라리스웍스,KOSDAQ
A123040,엠에스오토텍,KOSDAQ
A123330,제닉,KOSDAQ
A123410,코리아에프티,KOSDAQ
A123420,선데이토즈,KOSDAQ
A123570,이엠넷,KOSDAQ
A123750,알톤스포츠,KOSDAQ
A123840,한일진공,KOSDAQ
A123860,아나패스,KOSDAQ
A124500,아이티센,KOSDAQ
A124560,태웅로직스,KOSDAQ
A125210,아모그린텍,KOSDAQ
A126340,비나텍,KOSDAQ
A126600,코프라,KOSDAQ
A126640,화신정공,KOSDAQ
A126700,하이비젼시스템,KOSDAQ
A126870,뉴로스,KOSDAQ
A126880,제이엔케이히터,KOSDAQ
A127120,디엔에이링크,KOSDAQ
A127160,매직마이크로,KOSDAQ
A127710,아시아경제,KOSDAQ
A128540,에코캡,KOSDAQ
A128660,피제이메탈,KOSDAQ
A129890,앱코,KOSDAQ
A130500,GH신소재,KOSDAQ
A130580,나이스디앤비,KOSDAQ
A130740,티피씨글로벌,KOSDAQ
A131030,디에이치피코리아,KOSDAQ
A131090,시큐브,KOSDAQ
A131100,스카이이앤엠,KOSDAQ
A131180,딜리,KOSDAQ
A131220,대한과학,KOSDAQ
A131290,티에스이,KOSDAQ
A131370,알서포트,KOSDAQ
A131390,원익피앤이,KOSDAQ
A131400,이브이첨단소재,KOSDAQ
A131760,파인텍,KOSDAQ
A131970,테스나,KOSDAQ
A133750,메가엠디,KOSDAQ
A134060,이퓨쳐,KOSDAQ
A134580,디엠티,KOSDAQ
A136480,하림,KOSDAQ
A136510,쎄미시스코,KOSDAQ
A136540,윈스,KOSDAQ
A137400,피엔티,KOSDAQ
A137940,넥스트아이,KOSDAQ
A137950,제이씨케미칼,KOSDAQ
A138070,신진에스엠,KOSDAQ
A138080,오이솔루션,KOSDAQ
A138360,협진,KOSDAQ
A138580,비즈니스온,KOSDAQ
A138610,나이벡,KOSDAQ
A138690,엘아이에스,KOSDAQ
A139050,시티랩스,KOSDAQ
A139670,키네마스터,KOSDAQ
A140070,서플러스글로벌,KOSDAQ
A140410,메지온,KOSDAQ
A140520,대창스틸,KOSDAQ
A140670,알에스오토메이션,KOSDAQ
A140860,파크시스템스,KOSDAQ
A141000,비아트론,KOSDAQ
A141020,포티스,KOSDAQ
A141080,레고켐바이오,KOSDAQ
A142210,유니트론텍,KOSDAQ
A142280,녹십자엠에스,KOSDAQ
A142760,바이오리더스,KOSDAQ
A143160,아이디스,KOSDAQ
A143240,사람인에이치알,KOSDAQ
A143540,영우디에스피,KOSDAQ
A144510,녹십자랩셀,KOSDAQ
A144960,뉴파워프라즈마,KOSDAQ
A145020,휴젤,KOSDAQ
A147760,마이크로프랜드,KOSDAQ
A147830,제룡산업,KOSDAQ
A148140,비디아이,KOSDAQ
A148150,세경하이테크,KOSDAQ
A148250,알엔투테크놀로지,KOSDAQ
A149950,아바텍,KOSDAQ
A149980,하이로닉,KOSDAQ
A150840,인트로메딕,KOSDAQ
A150900,파수,KOSDAQ
A151860,KG ETS,KOSDAQ
A151910,나노스,KOSDAQ
A153460,네이블,KOSDAQ
A153490,우리이앤엘,KOSDAQ
A153710,옵티팜,KOSDAQ
A154030,아시아종묘,KOSDAQ
A154040,솔루에타,KOSDAQ
A155650,와이엠씨,KOSDAQ
A156100,엘앤케이바이오,KOSDAQ
A158310,참존글로벌,KOSDAQ
A158430,아톤,KOSDAQ
A159580,제로투세븐,KOSDAQ
A159910,스킨앤스킨,KOSDAQ
A160550,NEW,KOSDAQ
A160600,이큐셀,KOSDAQ
A160980,싸이맥스,KOSDAQ
A161570,THE MIDONG,KOSDAQ
A161580,필옵틱스,KOSDAQ
A163730,핑거,KOSDAQ
A164060,이루다,KOSDAQ
A166090,하나머티리얼즈,KOSDAQ
A166480,코아스템,KOSDAQ
A168330,내츄럴엔도텍,KOSDAQ
A169330,엠브레인,KOSDAQ
A170030,현대공업,KOSDAQ
A170790,파이오링크,KOSDAQ
A170920,엘티씨,KOSDAQ
A171010,램테크놀러지,KOSDAQ
A171090,선익시스템,KOSDAQ
A171120,라이온켐텍,KOSDAQ
A173130,오파스넷,KOSDAQ
A173940,에프엔씨엔터,KOSDAQ
A174880,장원테크,KOSDAQ
A174900,앱클론,KOSDAQ
A175140,인포마크,KOSDAQ
A175250,아이큐어,KOSDAQ
A176440,에이치엔티,KOSDAQ
A177350,베셀,KOSDAQ
A177830,파버나인,KOSDAQ
A178320,서진시스템,KOSDAQ
A178780,유테크,KOSDAQ
A179290,엠아이텍,KOSDAQ
A179900,유티아이,KOSDAQ
A180400,캔서롭,KOSDAQ
A181340,이즈미디어,KOSDAQ
A182360,큐브엔터,KOSDAQ
A182400,엔케이맥스,KOSDAQ
A182690,테라셈,KOSDAQ
A183300,코미코,KOSDAQ
A183490,엔지켐생명과학,KOSDAQ
A184230,SGA솔루션즈,KOSDAQ
A185490,아이진,KOSDAQ
A186230,그린플러스,KOSDAQ
A187220,디티앤씨,KOSDAQ
A187270,신화콘텍,KOSDAQ
A187420,제노포커스,KOSDAQ
A187660,에이디엠코리아,KOSDAQ
A187790,나노,KOSDAQ
A187870,디바이스이엔지,KOSDAQ
A189300,인텔리안테크,KOSDAQ
A189330,씨이랩,KOSDAQ
A189690,포시에스,KOSDAQ
A189860,서전기전,KOSDAQ
A189980,흥국에프엔비,KOSDAQ
A190510,나무가,KOSDAQ
A190650,코리아에셋투자증권,KOSDAQ
A191410,육일씨엔에쓰,KOSDAQ
A191420,테고사이언스,KOSDAQ
A192250,케이사인,KOSDAQ
A192390,윈하이텍,KOSDAQ
A192410,THQ,KOSDAQ
A192440,슈피겐코리아,KOSDAQ
A193250,와이제이엠게임즈,KOSDAQ
A194480,데브시스터즈,KOSDAQ
A194700,노바렉스,KOSDAQ
A195500,마니커에프앤지,KOSDAQ
A195940,HK이노엔,KOSDAQ
A195990,에이비프로바이오,KOSDAQ
A196170,알테오젠,KOSDAQ
A196300,애니젠,KOSDAQ
A196450,코아시아옵틱스,KOSDAQ
A196490,디에이테크놀로지,KOSDAQ
A196700,웹스,KOSDAQ
A197140,디지캡,KOSDAQ
A198080,엔피디,KOSDAQ
A198440,고려시멘트,KOSDAQ
A199820,제일전기공업,KOSDAQ
A200130,콜마비앤에이치,KOSDAQ
A200230,텔콘RF제약,KOSDAQ
A200470,에이팩트,KOSDAQ
A200670,휴메딕스,KOSDAQ
A200710,에이디테크놀로지,KOSDAQ
A200780,비씨월드제약,KOSDAQ
A201490,미투온,KOSDAQ
A203400,에이비온,KOSDAQ
A203450,유니온커뮤니티,KOSDAQ
A203650,드림시큐리티,KOSDAQ
A203690,프로스테믹스,KOSDAQ
A204020,그리티,KOSDAQ
A204270,제이앤티씨,KOSDAQ
A204620,글로벌텍스프리,KOSDAQ
A204630,스튜디오산타클로스,KOSDAQ
A204840,지엘팜텍,KOSDAQ
A205100,엑셈,KOSDAQ
A205470,휴마시스,KOSDAQ
A205500,액션스퀘어,KOSDAQ
A206400,베노홀딩스,KOSDAQ
A206560,덱스터,KOSDAQ
A206640,바디텍메드,KOSDAQ
A206650,유바이오로직스,KOSDAQ
A207760,미스터블루,KOSDAQ
A208140,정다운,KOSDAQ
A208340,파멥신,KOSDAQ
A208350,지란지교시큐리티,KOSDAQ
A208370,셀바스헬스케어,KOSDAQ
A208640,썸에이지,KOSDAQ
A208710,바이오로그디바이스,KOSDAQ
A208860,엔지스테크널러지,KOSDAQ
A211270,AP위성,KOSDAQ
A212560,네오오토,KOSDAQ
A213090,미래테크놀로지,KOSDAQ
A213420,덕산네오룩스,KOSDAQ
A214150,클래시스,KOSDAQ
A214180,민앤지,KOSDAQ
A214260,라파스,KOSDAQ
A214270,퓨쳐스트림네트웍스,KOSDAQ
A214310,에스엘바이오닉스,KOSDAQ
A214370,케어젠,KOSDAQ
A214430,아이쓰리시스템,KOSDAQ
A214450,파마리서치,KOSDAQ
A214610,미코바이오메드,KOSDAQ
A214680,디알텍,KOSDAQ
A214870,뉴지랩파마,KOSDAQ
A215000,골프존,KOSDAQ
A215090,휴센텍,KOSDAQ
A215100,로보로보,KOSDAQ
A215200,메가스터디교육,KOSDAQ
A215360,우리산업,KOSDAQ
A215380,우정바이오,KOSDAQ
A215480,토박스코리아,KOSDAQ
A215600,신라젠,KOSDAQ
A215790,이노인스트루먼트,KOSDAQ
A216050,인크로스,KOSDAQ
A216080,제테마,KOSDAQ
A217190,제너셈,KOSDAQ
A217270,넵튠,KOSDAQ
A217330,싸이토젠,KOSDAQ
A217480,에스디생명공학,KOSDAQ
A217500,러셀,KOSDAQ
A217600,켐온,KOSDAQ
A217620,디딤,KOSDAQ
A217730,강스템바이오텍,KOSDAQ
A217820,엔에스,KOSDAQ
A218150,미래생명자원,KOSDAQ
A218410,RFHIC,KOSDAQ
A219130,타이거일렉,KOSDAQ
A219420,링크제니시스,KOSDAQ
A219550,자안코스메틱,KOSDAQ
A219750,지티지웰니스,KOSDAQ
A220100,퓨쳐켐,KOSDAQ
A220180,핸디소프트,KOSDAQ
A220260,켐트로스,KOSDAQ
A220630,맘스터치,KOSDAQ
A221610,자안바이오,KOSDAQ
A221840,하이즈항공,KOSDAQ
A221980,케이디켐,KOSDAQ
A222040,코스맥스엔비티,KOSDAQ
A222080,씨아이에스,KOSDAQ
A222110,팬젠,KOSDAQ
A222420,쎄노텍,KOSDAQ
A222800,심텍,KOSDAQ
A222810,마이더스AI,KOSDAQ
A222980,한국맥널티,KOSDAQ
A223250,드림씨아이에스,KOSDAQ
A223310,경남제약헬스케어,KOSDAQ
A224060,코디엠,KOSDAQ
A224110,에이텍티앤,KOSDAQ
A225190,삼양옵틱스,KOSDAQ
A225220,제놀루션,KOSDAQ
A225330,씨엠에스에듀,KOSDAQ
A225430,케이엠제약,KOSDAQ
A225530,보광산업,KOSDAQ
A225570,넷게임즈,KOSDAQ
A225590,패션플랫폼,KOSDAQ
A226330,신테카바이오,KOSDAQ
A226340,본느,KOSDAQ
A226360,KH E&T,KOSDAQ
A226400,오스테오닉,KOSDAQ
A226440,한송네오텍,KOSDAQ
A226950,올릭스,KOSDAQ
A227100,에이치앤비디자인,KOSDAQ
A227610,아우딘퓨쳐스,KOSDAQ
A227950,엔투텍,KOSDAQ
A228340,동양파일,KOSDAQ
A228670,레이,KOSDAQ
A228760,지노믹트리,KOSDAQ
A228850,레이언스,KOSDAQ
A229000,젠큐릭스,KOSDAQ
A230240,에치에프알,KOSDAQ
A230360,에코마케팅,KOSDAQ
A230980,에이트원,KOSDAQ
A232140,와이아이케이,KOSDAQ
A232680,라온테크,KOSDAQ
A234100,세원,KOSDAQ
A234300,에스트래픽,KOSDAQ
A234340,세틀뱅크,KOSDAQ
A234690,녹십자웰빙,KOSDAQ
A234920,자이글,KOSDAQ
A235980,메드팩토,KOSDAQ
A236200,슈프리마,KOSDAQ
A236810,엔비티,KOSDAQ
A237690,에스티팜,KOSDAQ
A237750,피앤씨테크,KOSDAQ
A237820,플레이디,KOSDAQ
A237880,클리오,KOSDAQ
A238090,앤디포스,KOSDAQ
A238120,얼라인드,KOSDAQ
A238200,비피도,KOSDAQ
A238490,힘스,KOSDAQ
A239340,줌인터넷,KOSDAQ
A239610,에이치엘사이언스,KOSDAQ
A239890,피엔에이치테크,KOSDAQ
A240810,원익IPS,KOSDAQ
A241520,DSC인베스트먼트,KOSDAQ
A241690,유니테크노,KOSDAQ
A241710,코스메카코리아,KOSDAQ
A241770,메카로,KOSDAQ
A241790,오션브릿지,KOSDAQ
A241820,피씨엘,KOSDAQ
A241840,에이스토리,KOSDAQ
A242040,나무기술,KOSDAQ
A243070,휴온스,KOSDAQ
A243840,신흥에스이씨,KOSDAQ
A244460,올리패스,KOSDAQ
A245620,EDGC,KOSDAQ
A246690,TS인베스트먼트,KOSDAQ
A246710,티앤알바이오팹,KOSDAQ
A246720,아스타,KOSDAQ
A246960,이노테라피,KOSDAQ
A247540,에코프로비엠,KOSDAQ
A247660,나노씨엠에스,KOSDAQ
A250000,보라티알,KOSDAQ
A250060,모비스,KOSDAQ
A250930,예선테크,KOSDAQ
A251370,와이엠티,KOSDAQ
A251630,브이원텍,KOSDAQ
A251970,펌텍코리아,KOSDAQ
A252500,세화피앤씨,KOSDAQ
A252990,샘씨엔에스,KOSDAQ
A253450,스튜디오드래곤,KOSDAQ
A253590,네오셈,KOSDAQ
A253840,수젠텍,KOSDAQ
A254120,자비스,KOSDAQ
A255220,SG,KOSDAQ
A255440,야스,KOSDAQ
A256150,한독크린텍,KOSDAQ
A256630,포인트엔지니어링,KOSDAQ
A256840,한국비엔씨,KOSDAQ
A256940,케이피에스,KOSDAQ
A257370,명성티엔에스,KOSDAQ
A257720,실리콘투,KOSDAQ
A258610,이더블유케이,KOSDAQ
A258790,소프트캠프,KOSDAQ
A258830,세종메디칼,KOSDAQ
A259630,엠플러스,KOSDAQ
A260660,알리코제약,KOSDAQ
A260930,씨티케이,KOSDAQ
A260970,에스앤디,KOSDAQ
A261200,덴티스,KOSDAQ
A262260,에이프로,KOSDAQ
A262840,아이퀘스트,KOSDAQ
A263020,디케이앤디,KOSDAQ
A263050,유틸렉스,KOSDAQ
A263540,샘코,KOSDAQ
A263600,덕우전자,KOSDAQ
A263690,디알젬,KOSDAQ
A263700,케어랩스,KOSDAQ
A263720,디앤씨미디어,KOSDAQ
A263750,펄어비스,KOSDAQ
A263770,유에스티,KOSDAQ
A263800,데이타솔루션,KOSDAQ
A263810,상신전자,KOSDAQ
A263860,지니언스,KOSDAQ
A263920,휴온스블러썸,KOSDAQ
A264450,유비쿼스,KOSDAQ
A264660,씨앤지하이테크,KOSDAQ
A264850,이랜시스,KOSDAQ
A265520,AP시스템,KOSDAQ
A265560,영화테크,KOSDAQ
A265740,엔에프씨,KOSDAQ
A267320,나인테크,KOSDAQ
A267790,배럴,KOSDAQ
A267980,매일유업,KOSDAQ
A268600,셀리버리,KOSDAQ
A269620,시스웍,KOSDAQ
A270520,지엔원에너지,KOSDAQ
A270660,에브리봇,KOSDAQ
A270870,뉴트리,KOSDAQ
A272110,케이엔제이,KOSDAQ
A272290,이녹스첨단소재,KOSDAQ
A273060,와이즈버즈,KOSDAQ
A273640,와이엠텍,KOSDAQ
A274090,켄코아에어로스페이스,KOSDAQ
A275630,에스에스알,KOSDAQ
A276730,제주맥주,KOSDAQ
A277070,린드먼아시아,KOSDAQ
A277410,인산가,KOSDAQ
A277810,레인보우로보틱스,KOSDAQ
A277880,티에스아이,KOSDAQ
A278280,천보,KOSDAQ
A278650,노터스,KOSDAQ
A279600,미디어젠,KOSDAQ
A281740,레이크머티리얼즈,KOSDAQ
A282880,코윈테크,KOSDAQ
A284620,카이노스메드,KOSDAQ
A285490,노바텍,KOSDAQ
A286750,나노브릭,KOSDAQ
A287410,제이시스메디칼,KOSDAQ
A288330,브릿지바이오테라퓨틱스,KOSDAQ
A288620,에스퓨얼셀,KOSDAQ
A289010,아이스크림에듀,KOSDAQ
A289080,SV인베스트먼트,KOSDAQ
A289220,자이언트스텝,KOSDAQ
A290120,대유에이피,KOSDAQ
A290270,휴네시온,KOSDAQ
A290380,대유,KOSDAQ
A290510,코리아센터,KOSDAQ
A290520,신도기연,KOSDAQ
A290550,디케이티,KOSDAQ
A290650,엘앤씨바이오,KOSDAQ
A290660,네오펙트,KOSDAQ
A290670,대보마그네틱,KOSDAQ
A290690,소룩스,KOSDAQ
A290720,푸드나무,KOSDAQ
A290740,액트로,KOSDAQ
A291230,엔피,KOSDAQ
A291650,압타머사이언스,KOSDAQ
A293490,카카오게임즈,KOSDAQ
A293580,나우IB,KOSDAQ
A293780,압타바이오,KOSDAQ
A294090,이오플로우,KOSDAQ
A294140,레몬,KOSDAQ
A294570,쿠콘,KOSDAQ
A294630,서남,KOSDAQ
A297090,씨에스베어링,KOSDAQ
A297570,알로이스,KOSDAQ
A297890,HB솔루션,KOSDAQ
A298060,에스씨엠생명과학,KOSDAQ
A298380,에이비엘바이오,KOSDAQ
A298540,더네이쳐홀딩스,KOSDAQ
A299030,하나기술,KOSDAQ
A299170,더블유에스아이,KOSDAQ
A299660,셀리드,KOSDAQ
A299900,위지윅스튜디오,KOSDAQ
A299910,베스파,KOSDAQ
A300080,플리토,KOSDAQ
A300120,라온피플,KOSDAQ
A301300,바이브컴퍼니,KOSDAQ
A302430,이노메트리,KOSDAQ
A302550,리메드,KOSDAQ
A303030,지니틱스,KOSDAQ
A303530,이노뎁,KOSDAQ
A304100,솔트룩스,KOSDAQ
A304840,피플바이오,KOSDAQ
A305090,마이크로디지탈,KOSDAQ
A306040,에스제이그룹,KOSDAQ
A306620,네온테크,KOSDAQ
A307180,아이엘사이언스,KOSDAQ
A307280,원바이오젠,KOSDAQ
A307750,국전약품,KOSDAQ
A307870,상상인이안1호스팩,KOSDAQ
A307930,컴퍼니케이,KOSDAQ
A308080,바이젠셀,KOSDAQ
A308100,까스텔바작,KOSDAQ
A309930,오하임아이엔티,KOSDAQ
A310200,애니플러스,KOSDAQ
A310870,한국제8호스팩,KOSDAQ
A311390,네오크레마,KOSDAQ
A311690,천랩,KOSDAQ
A312610,에이에프더블류,KOSDAQ
A313750,유안타제4호스팩,KOSDAQ
A313760,윌링스,KOSDAQ
A314130,지놈앤컴퍼니,KOSDAQ
A314930,바이오다인,KOSDAQ
A315640,딥노이드,KOSDAQ
A317030,케이비17호스팩,KOSDAQ
A317120,라닉스,KOSDAQ
A317240,TS트릴리온,KOSDAQ
A317320,한화에스비아이스팩,KOSDAQ
A317330,덕산테코피아,KOSDAQ
A317530,캐리소프트,KOSDAQ
A317690,퀀타매트릭스,KOSDAQ
A317770,슈프리마아이디,KOSDAQ
A317830,에스피시스템스,KOSDAQ
A317850,대모,KOSDAQ
A317870,엔바이오니아,KOSDAQ
A318000,한국바이오젠,KOSDAQ
A318010,팜스빌,KOSDAQ
A318020,포인트모바일,KOSDAQ
A318410,비비씨,KOSDAQ
A319400,현대무벡스,KOSDAQ
A319660,피에스케이,KOSDAQ
A320000,윈텍,KOSDAQ
A321260,유진스팩4호,KOSDAQ
A321550,티움바이오,KOSDAQ
A321820,와이더플래닛,KOSDAQ
A322180,티라유텍,KOSDAQ
A322310,오로스테크놀로지,KOSDAQ
A322510,제이엘케이,KOSDAQ
A322780,코퍼스코리아,KOSDAQ
A323210,이베스트이안스팩1호,KOSDAQ
A323230,엠에프엠코리아,KOSDAQ
A323280,신영스팩5호,KOSDAQ
A323940,케이비제18호스팩,KOSDAQ
A323990,박셀바이오,KOSDAQ
A327260,RF머트리얼즈,KOSDAQ
A328380,미래에셋대우스팩3호,KOSDAQ
A329560,상상인이안제2호스팩,KOSDAQ
A330350,위더스제약,KOSDAQ
A330860,네패스아크,KOSDAQ
A330990,케이비제19호스팩,KOSDAQ
A331380,유진스팩5호,KOSDAQ
A331520,교보9호스팩,KOSDAQ
A331920,셀레믹스,KOSDAQ
A332290,대신밸런스제7호스팩,KOSDAQ
A332370,아이디피,KOSDAQ
A332570,와이팜,KOSDAQ
A332710,하나금융14호스팩,KOSDAQ
A333050,신한제6호스팩,KOSDAQ
A333430,일승,KOSDAQ
A333620,엔시스,KOSDAQ
A334970,프레스티지바이오로직스,KOSDAQ
A335810,프리시젼바이오,KOSDAQ
A335870,IBKS제12호스팩,KOSDAQ
A335890,비올,KOSDAQ
A336060,유안타제5호스팩,KOSDAQ
A336570,대신밸런스제8호스팩,KOSDAQ
A337450,SK5호스팩,KOSDAQ
A337930,브랜드엑스코퍼레이션,KOSDAQ
A338220,뷰노,KOSDAQ
A339950,아이비김영,KOSDAQ
A340120,하이제5호스팩,KOSDAQ
A340350,SK6호스팩,KOSDAQ
A340360,다보링크,KOSDAQ
A340440,한화플러스제1호스팩,KOSDAQ
A340570,티앤엘,KOSDAQ
A340930,유일에너테크,KOSDAQ
A341160,하나금융15호스팩,KOSDAQ
A342550,케이비제20호스팩,KOSDAQ
A343510,하나금융16호스팩,KOSDAQ
A344050,신영스팩6호,KOSDAQ
A347000,센코,KOSDAQ
A347140,케이프이에스제4호,KOSDAQ
A347700,라이프시맨틱스,KOSDAQ
A347740,피엔케이피부임상연구센타,KOSDAQ
A347770,핌스,KOSDAQ
A347860,알체라,KOSDAQ
A347890,엠투아이,KOSDAQ
A348030,모비릭스,KOSDAQ
A348150,고바이오랩,KOSDAQ
A348210,넥스틴,KOSDAQ
A348350,위드텍,KOSDAQ
A349720,이베스트스팩5호,KOSDAQ
A351320,IBKS제14호스팩,KOSDAQ
A351330,이삭엔지니어링,KOSDAQ
A351340,IBKS제13호스팩,KOSDAQ
A352480,씨앤씨인터내셔널,KOSDAQ
A352700,씨앤투스성진,KOSDAQ
A352770,클리노믹스,KOSDAQ
A352910,오비고,KOSDAQ
A352940,인바이오,KOSDAQ
A353060,에이치엠씨제5호스팩,KOSDAQ
A353070,에이치엠씨제4호스팩,KOSDAQ
A353190,휴럼,KOSDAQ
A353490,미래에셋대우스팩 5호,KOSDAQ
A353810,이지바이오,KOSDAQ
A354200,엔젠바이오,KOSDAQ
A355150,교보10호스팩,KOSDAQ
A356860,티엘비,KOSDAQ
A356890,싸이버원,KOSDAQ
A357230,에이치피오,KOSDAQ
A357550,석경에이티,KOSDAQ
A357580,아모센스,KOSDAQ
A357780,솔브레인,KOSDAQ
A359090,엔에이치스팩17호,KOSDAQ
A361390,제노코,KOSDAQ
A361670,삼영에스앤씨,KOSDAQ
A363250,진시스템,KOSDAQ
A363260,하나금융17호스팩,KOSDAQ
A365270,큐라클,KOSDAQ
A365590,엔에이치스팩18호,KOSDAQ
A366330,신한제7호스팩,KOSDAQ
A367000,플래티어,KOSDAQ
A367340,DB금융스팩8호,KOSDAQ
A367360,DB금융스팩9호,KOSDAQ
A367460,유안타제7호스팩,KOSDAQ
A367480,유안타제8호스팩,KOSDAQ
A368770,한국9호스팩,KOSDAQ
A369370,대신밸런스제9호스팩,KOSDAQ
A372290,하나머스트7호스팩,KOSDAQ
A373200,IBKS제15호스팩,KOSDAQ
A373340,유진스팩6호,KOSDAQ
A376190,엘비루셈,KOSDAQ
A376980,원티드랩,KOSDAQ
A377030,맥스트,KOSDAQ
A377220,프롬바이오,KOSDAQ
A377400,하이제6호스팩,KOSDAQ
A377630,삼성스팩4호,KOSDAQ
A380320,삼성머스트스팩5호,KOSDAQ
A383310,에코프로에이치엔,KOSDAQ
A386580,한화플러스제2호스팩,KOSDAQ
A387310,대신밸런스제10호스팩,KOSDAQ
A388790,IBKS제16호스팩,KOSDAQ
A388800,유진스팩7호,KOSDAQ
A393360,신한제8호스팩,KOSDAQ
A900070,글로벌에스엠,KOSDAQ
A900100,애머릿지,KOSDAQ
A900110,이스트아시아홀딩스,KOSDAQ
A900120,씨케이에이치,KOSDAQ
A900250,크리스탈신소재,KOSDAQ
A900260,로스웰,KOSDAQ
A900270,헝셩그룹,KOSDAQ
A900280,골든센츄리,KOSDAQ
A900290,GRT,KOSDAQ
A900300,오가닉티코스메틱,KOSDAQ
A900310,컬러레이,KOSDAQ
A900340,윙입푸드,KOSDAQ
A950110,SBI핀테크솔루션즈,KOSDAQ
A950130,엑세스바이오,KOSDAQ
A950140,잉글우드랩,KOSDAQ
A950160,코오롱티슈진,KOSDAQ
A950170,JTC,KOSDAQ
A950180,SNK,KOSDAQ
A950190,미투젠,KOSDAQ
A950200,소마젠,KOSDAQ
A950220,네오이뮨텍(Reg.S),KOSDAQ
